block,parameter_difference,v1.0_exists,v1.0_parameters,v1.0_size,v1.0_tensor_count,v1.1_exists,v1.1_parameters,v1.1_size,v1.1_tensor_count
0,0,True,69206528,0.00 B,20,True,69206528,0.00 B,20
1,0,True,69206528,0.00 B,20,True,69206528,0.00 B,20
2,0,True,69206528,0.00 B,20,True,69206528,0.00 B,20
3,0,True,69206528,0.00 B,20,True,69206528,0.00 B,20
4,0,True,69206528,0.00 B,20,True,69206528,0.00 B,20
5,0,True,69206528,0.00 B,20,True,69206528,0.00 B,20
6,0,True,69206528,0.00 B,20,True,69206528,0.00 B,20
7,0,True,69206528,0.00 B,20,True,69206528,0.00 B,20
8,0,True,69206528,0.00 B,20,True,69206528,0.00 B,20
9,0,True,69206528,0.00 B,20,True,69206528,0.00 B,20
10,0,True,69206528,0.00 B,20,True,69206528,0.00 B,20
11,0,True,69206528,0.00 B,20,True,69206528,0.00 B,20
12,0,True,69206528,0.00 B,20,True,69206528,0.00 B,20
13,0,True,69206528,0.00 B,20,True,69206528,0.00 B,20
14,0,True,69206528,0.00 B,20,True,69206528,0.00 B,20
15,0,True,69206528,0.00 B,20,True,69206528,0.00 B,20
16,0,True,69206528,0.00 B,20,True,69206528,0.00 B,20
17,0,True,69206528,0.00 B,20,True,69206528,0.00 B,20
18,0,True,69206528,0.00 B,20,True,69206528,0.00 B,20
19,0,True,69206528,0.00 B,20,True,69206528,0.00 B,20
20,0,True,69206528,0.00 B,20,True,69206528,0.00 B,20
21,0,True,69206528,0.00 B,20,True,69206528,0.00 B,20
22,0,True,69206528,0.00 B,20,True,69206528,0.00 B,20
23,0,True,69206528,0.00 B,20,True,69206528,0.00 B,20
24,0,True,69206528,0.00 B,20,True,69206528,0.00 B,20
25,0,True,69206528,0.00 B,20,True,69206528,0.00 B,20
26,0,True,69206528,0.00 B,20,True,69206528,0.00 B,20
27,0,True,69206528,0.00 B,20,True,69206528,0.00 B,20
28,69206528,False,0,0.00 B,0,True,69206528,0.00 B,20
29,69206528,False,0,0.00 B,0,True,69206528,0.00 B,20
30,69206528,False,0,0.00 B,0,True,69206528,0.00 B,20
31,69206528,False,0,0.00 B,0,True,69206528,0.00 B,20
32,69206528,False,0,0.00 B,0,True,69206528,0.00 B,20
33,69206528,False,0,0.00 B,0,True,69206528,0.00 B,20
34,69206528,False,0,0.00 B,0,True,69206528,0.00 B,20
35,69206528,False,0,0.00 B,0,True,69206528,0.00 B,20
36,69206528,False,0,0.00 B,0,True,69206528,0.00 B,20
37,69206528,False,0,0.00 B,0,True,69206528,0.00 B,20
38,69206528,False,0,0.00 B,0,True,69206528,0.00 B,20
39,69206528,False,0,0.00 B,0,True,69206528,0.00 B,20
40,69206528,False,0,0.00 B,0,True,69206528,0.00 B,20
41,69206528,False,0,0.00 B,0,True,69206528,0.00 B,20
42,69206528,False,0,0.00 B,0,True,69206528,0.00 B,20
43,69206528,False,0,0.00 B,0,True,69206528,0.00 B,20
44,69206528,False,0,0.00 B,0,True,69206528,0.00 B,20
45,69206528,False,0,0.00 B,0,True,69206528,0.00 B,20
46,69206528,False,0,0.00 B,0,True,69206528,0.00 B,20
47,69206528,False,0,0.00 B,0,True,69206528,0.00 B,20
48,69206528,False,0,0.00 B,0,True,69206528,0.00 B,20
49,69206528,False,0,0.00 B,0,True,69206528,0.00 B,20
50,69206528,False,0,0.00 B,0,True,69206528,0.00 B,20
51,69206528,False,0,0.00 B,0,True,69206528,0.00 B,20
