key,status,v1.0_dtype,v1.0_numel,v1.0_shape,v1.1_dtype,v1.1_numel,v1.1_shape
net.anima_v2_connector.quality_anchor.layer_mix_logits,v1.1_only,,,null,,,null
net.anima_v2_connector.quality_anchor.query_norms.0.weight,v1.1_only,,,null,,,null
net.anima_v2_connector.quality_anchor.query_norms.1.weight,v1.1_only,,,null,,,null
net.anima_v2_connector.quality_anchor.query_norms.2.weight,v1.1_only,,,null,,,null
net.anima_v2_connector.quality_anchor.query_norms.3.weight,v1.1_only,,,null,,,null
net.anima_v2_connector.quality_anchor.query_norms.4.weight,v1.1_only,,,null,,,null
net.anima_v2_connector.quality_anchor.query_norms.5.weight,v1.1_only,,,null,,,null
net.anima_v2_connector.quality_anchor.semantic_attentions.0.k_norm.weight,v1.1_only,,,null,,,null
net.anima_v2_connector.quality_anchor.semantic_attentions.0.k_proj.weight,v1.1_only,,,null,,,null
net.anima_v2_connector.quality_anchor.semantic_attentions.0.o_proj.weight,v1.1_only,,,null,,,null
net.anima_v2_connector.quality_anchor.semantic_attentions.0.q_norm.weight,v1.1_only,,,null,,,null
net.anima_v2_connector.quality_anchor.semantic_attentions.0.q_proj.weight,v1.1_only,,,null,,,null
net.anima_v2_connector.quality_anchor.semantic_attentions.0.v_proj.weight,v1.1_only,,,null,,,null
net.anima_v2_connector.quality_anchor.semantic_attentions.1.k_norm.weight,v1.1_only,,,null,,,null
net.anima_v2_connector.quality_anchor.semantic_attentions.1.k_proj.weight,v1.1_only,,,null,,,null
net.anima_v2_connector.quality_anchor.semantic_attentions.1.o_proj.weight,v1.1_only,,,null,,,null
net.anima_v2_connector.quality_anchor.semantic_attentions.1.q_norm.weight,v1.1_only,,,null,,,null
net.anima_v2_connector.quality_anchor.semantic_attentions.1.q_proj.weight,v1.1_only,,,null,,,null
net.anima_v2_connector.quality_anchor.semantic_attentions.1.v_proj.weight,v1.1_only,,,null,,,null
net.anima_v2_connector.quality_anchor.semantic_attentions.2.k_norm.weight,v1.1_only,,,null,,,null
net.anima_v2_connector.quality_anchor.semantic_attentions.2.k_proj.weight,v1.1_only,,,null,,,null
net.anima_v2_connector.quality_anchor.semantic_attentions.2.o_proj.weight,v1.1_only,,,null,,,null
net.anima_v2_connector.quality_anchor.semantic_attentions.2.q_norm.weight,v1.1_only,,,null,,,null
net.anima_v2_connector.quality_anchor.semantic_attentions.2.q_proj.weight,v1.1_only,,,null,,,null
net.anima_v2_connector.quality_anchor.semantic_attentions.2.v_proj.weight,v1.1_only,,,null,,,null
net.anima_v2_connector.quality_anchor.semantic_attentions.3.k_norm.weight,v1.1_only,,,null,,,null
net.anima_v2_connector.quality_anchor.semantic_attentions.3.k_proj.weight,v1.1_only,,,null,,,null
net.anima_v2_connector.quality_anchor.semantic_attentions.3.o_proj.weight,v1.1_only,,,null,,,null
net.anima_v2_connector.quality_anchor.semantic_attentions.3.q_norm.weight,v1.1_only,,,null,,,null
net.anima_v2_connector.quality_anchor.semantic_attentions.3.q_proj.weight,v1.1_only,,,null,,,null
net.anima_v2_connector.quality_anchor.semantic_attentions.3.v_proj.weight,v1.1_only,,,null,,,null
net.anima_v2_connector.quality_anchor.semantic_attentions.4.k_norm.weight,v1.1_only,,,null,,,null
net.anima_v2_connector.quality_anchor.semantic_attentions.4.k_proj.weight,v1.1_only,,,null,,,null
net.anima_v2_connector.quality_anchor.semantic_attentions.4.o_proj.weight,v1.1_only,,,null,,,null
net.anima_v2_connector.quality_anchor.semantic_attentions.4.q_norm.weight,v1.1_only,,,null,,,null
net.anima_v2_connector.quality_anchor.semantic_attentions.4.q_proj.weight,v1.1_only,,,null,,,null
net.anima_v2_connector.quality_anchor.semantic_attentions.4.v_proj.weight,v1.1_only,,,null,,,null
net.anima_v2_connector.quality_anchor.semantic_attentions.5.k_norm.weight,v1.1_only,,,null,,,null
net.anima_v2_connector.quality_anchor.semantic_attentions.5.k_proj.weight,v1.1_only,,,null,,,null
net.anima_v2_connector.quality_anchor.semantic_attentions.5.o_proj.weight,v1.1_only,,,null,,,null
net.anima_v2_connector.quality_anchor.semantic_attentions.5.q_norm.weight,v1.1_only,,,null,,,null
net.anima_v2_connector.quality_anchor.semantic_attentions.5.q_proj.weight,v1.1_only,,,null,,,null
net.anima_v2_connector.quality_anchor.semantic_attentions.5.v_proj.weight,v1.1_only,,,null,,,null
net.anima_v2_connector.quality_anchor.source_norms.0.weight,v1.1_only,,,null,,,null
net.anima_v2_connector.quality_anchor.source_norms.1.weight,v1.1_only,,,null,,,null
net.anima_v2_connector.quality_anchor.source_norms.2.weight,v1.1_only,,,null,,,null
net.anima_v2_connector.quality_anchor.source_norms.3.weight,v1.1_only,,,null,,,null
net.anima_v2_connector.quality_anchor.source_norms.4.weight,v1.1_only,,,null,,,null
net.anima_v2_connector.quality_anchor.source_norms.5.weight,v1.1_only,,,null,,,null
net.anima_v2_connector.semantic_resampler.blocks.0.cross_attention.k_proj.weight,v1.1_only,,,null,,,null
net.anima_v2_connector.semantic_resampler.blocks.0.cross_attention.o_proj.weight,v1.1_only,,,null,,,null
net.anima_v2_connector.semantic_resampler.blocks.0.cross_attention.q_proj.weight,v1.1_only,,,null,,,null
net.anima_v2_connector.semantic_resampler.blocks.0.cross_attention.v_proj.weight,v1.1_only,,,null,,,null
net.anima_v2_connector.semantic_resampler.blocks.0.mlp_in.weight,v1.1_only,,,null,,,null
net.anima_v2_connector.semantic_resampler.blocks.0.mlp_out.weight,v1.1_only,,,null,,,null
net.anima_v2_connector.semantic_resampler.blocks.0.self_attention.k_proj.weight,v1.1_only,,,null,,,null
net.anima_v2_connector.semantic_resampler.blocks.0.self_attention.o_proj.weight,v1.1_only,,,null,,,null
net.anima_v2_connector.semantic_resampler.blocks.0.self_attention.q_proj.weight,v1.1_only,,,null,,,null
net.anima_v2_connector.semantic_resampler.blocks.0.self_attention.v_proj.weight,v1.1_only,,,null,,,null
net.anima_v2_connector.semantic_resampler.blocks.0.source_norm.bias,v1.1_only,,,null,,,null
net.anima_v2_connector.semantic_resampler.blocks.0.source_norm.weight,v1.1_only,,,null,,,null
net.anima_v2_connector.semantic_resampler.blocks.0.time_modulation.bias,v1.1_only,,,null,,,null
net.anima_v2_connector.semantic_resampler.blocks.0.time_modulation.weight,v1.1_only,,,null,,,null
net.anima_v2_connector.semantic_resampler.blocks.1.cross_attention.k_proj.weight,v1.1_only,,,null,,,null
net.anima_v2_connector.semantic_resampler.blocks.1.cross_attention.o_proj.weight,v1.1_only,,,null,,,null
net.anima_v2_connector.semantic_resampler.blocks.1.cross_attention.q_proj.weight,v1.1_only,,,null,,,null
net.anima_v2_connector.semantic_resampler.blocks.1.cross_attention.v_proj.weight,v1.1_only,,,null,,,null
net.anima_v2_connector.semantic_resampler.blocks.1.mlp_in.weight,v1.1_only,,,null,,,null
net.anima_v2_connector.semantic_resampler.blocks.1.mlp_out.weight,v1.1_only,,,null,,,null
net.anima_v2_connector.semantic_resampler.blocks.1.self_attention.k_proj.weight,v1.1_only,,,null,,,null
net.anima_v2_connector.semantic_resampler.blocks.1.self_attention.o_proj.weight,v1.1_only,,,null,,,null
net.anima_v2_connector.semantic_resampler.blocks.1.self_attention.q_proj.weight,v1.1_only,,,null,,,null
net.anima_v2_connector.semantic_resampler.blocks.1.self_attention.v_proj.weight,v1.1_only,,,null,,,null
net.anima_v2_connector.semantic_resampler.blocks.1.source_norm.bias,v1.1_only,,,null,,,null
net.anima_v2_connector.semantic_resampler.blocks.1.source_norm.weight,v1.1_only,,,null,,,null
net.anima_v2_connector.semantic_resampler.blocks.1.time_modulation.bias,v1.1_only,,,null,,,null
net.anima_v2_connector.semantic_resampler.blocks.1.time_modulation.weight,v1.1_only,,,null,,,null
net.anima_v2_connector.semantic_resampler.blocks.2.cross_attention.k_proj.weight,v1.1_only,,,null,,,null
net.anima_v2_connector.semantic_resampler.blocks.2.cross_attention.o_proj.weight,v1.1_only,,,null,,,null
net.anima_v2_connector.semantic_resampler.blocks.2.cross_attention.q_proj.weight,v1.1_only,,,null,,,null
net.anima_v2_connector.semantic_resampler.blocks.2.cross_attention.v_proj.weight,v1.1_only,,,null,,,null
net.anima_v2_connector.semantic_resampler.blocks.2.mlp_in.weight,v1.1_only,,,null,,,null
net.anima_v2_connector.semantic_resampler.blocks.2.mlp_out.weight,v1.1_only,,,null,,,null
net.anima_v2_connector.semantic_resampler.blocks.2.self_attention.k_proj.weight,v1.1_only,,,null,,,null
net.anima_v2_connector.semantic_resampler.blocks.2.self_attention.o_proj.weight,v1.1_only,,,null,,,null
net.anima_v2_connector.semantic_resampler.blocks.2.self_attention.q_proj.weight,v1.1_only,,,null,,,null
net.anima_v2_connector.semantic_resampler.blocks.2.self_attention.v_proj.weight,v1.1_only,,,null,,,null
net.anima_v2_connector.semantic_resampler.blocks.2.source_norm.bias,v1.1_only,,,null,,,null
net.anima_v2_connector.semantic_resampler.blocks.2.source_norm.weight,v1.1_only,,,null,,,null
net.anima_v2_connector.semantic_resampler.blocks.2.time_modulation.bias,v1.1_only,,,null,,,null
net.anima_v2_connector.semantic_resampler.blocks.2.time_modulation.weight,v1.1_only,,,null,,,null
net.anima_v2_connector.semantic_resampler.blocks.3.cross_attention.k_proj.weight,v1.1_only,,,null,,,null
net.anima_v2_connector.semantic_resampler.blocks.3.cross_attention.o_proj.weight,v1.1_only,,,null,,,null
net.anima_v2_connector.semantic_resampler.blocks.3.cross_attention.q_proj.weight,v1.1_only,,,null,,,null
net.anima_v2_connector.semantic_resampler.blocks.3.cross_attention.v_proj.weight,v1.1_only,,,null,,,null
net.anima_v2_connector.semantic_resampler.blocks.3.mlp_in.weight,v1.1_only,,,null,,,null
net.anima_v2_connector.semantic_resampler.blocks.3.mlp_out.weight,v1.1_only,,,null,,,null
net.anima_v2_connector.semantic_resampler.blocks.3.self_attention.k_proj.weight,v1.1_only,,,null,,,null
net.anima_v2_connector.semantic_resampler.blocks.3.self_attention.o_proj.weight,v1.1_only,,,null,,,null
net.anima_v2_connector.semantic_resampler.blocks.3.self_attention.q_proj.weight,v1.1_only,,,null,,,null
net.anima_v2_connector.semantic_resampler.blocks.3.self_attention.v_proj.weight,v1.1_only,,,null,,,null
net.anima_v2_connector.semantic_resampler.blocks.3.source_norm.bias,v1.1_only,,,null,,,null
net.anima_v2_connector.semantic_resampler.blocks.3.source_norm.weight,v1.1_only,,,null,,,null
net.anima_v2_connector.semantic_resampler.blocks.3.time_modulation.bias,v1.1_only,,,null,,,null
net.anima_v2_connector.semantic_resampler.blocks.3.time_modulation.weight,v1.1_only,,,null,,,null
net.anima_v2_connector.semantic_resampler.blocks.4.cross_attention.k_proj.weight,v1.1_only,,,null,,,null
net.anima_v2_connector.semantic_resampler.blocks.4.cross_attention.o_proj.weight,v1.1_only,,,null,,,null
net.anima_v2_connector.semantic_resampler.blocks.4.cross_attention.q_proj.weight,v1.1_only,,,null,,,null
net.anima_v2_connector.semantic_resampler.blocks.4.cross_attention.v_proj.weight,v1.1_only,,,null,,,null
net.anima_v2_connector.semantic_resampler.blocks.4.mlp_in.weight,v1.1_only,,,null,,,null
net.anima_v2_connector.semantic_resampler.blocks.4.mlp_out.weight,v1.1_only,,,null,,,null
net.anima_v2_connector.semantic_resampler.blocks.4.self_attention.k_proj.weight,v1.1_only,,,null,,,null
net.anima_v2_connector.semantic_resampler.blocks.4.self_attention.o_proj.weight,v1.1_only,,,null,,,null
net.anima_v2_connector.semantic_resampler.blocks.4.self_attention.q_proj.weight,v1.1_only,,,null,,,null
net.anima_v2_connector.semantic_resampler.blocks.4.self_attention.v_proj.weight,v1.1_only,,,null,,,null
net.anima_v2_connector.semantic_resampler.blocks.4.source_norm.bias,v1.1_only,,,null,,,null
net.anima_v2_connector.semantic_resampler.blocks.4.source_norm.weight,v1.1_only,,,null,,,null
net.anima_v2_connector.semantic_resampler.blocks.4.time_modulation.bias,v1.1_only,,,null,,,null
net.anima_v2_connector.semantic_resampler.blocks.4.time_modulation.weight,v1.1_only,,,null,,,null
net.anima_v2_connector.semantic_resampler.blocks.5.cross_attention.k_proj.weight,v1.1_only,,,null,,,null
net.anima_v2_connector.semantic_resampler.blocks.5.cross_attention.o_proj.weight,v1.1_only,,,null,,,null
net.anima_v2_connector.semantic_resampler.blocks.5.cross_attention.q_proj.weight,v1.1_only,,,null,,,null
net.anima_v2_connector.semantic_resampler.blocks.5.cross_attention.v_proj.weight,v1.1_only,,,null,,,null
net.anima_v2_connector.semantic_resampler.blocks.5.mlp_in.weight,v1.1_only,,,null,,,null
net.anima_v2_connector.semantic_resampler.blocks.5.mlp_out.weight,v1.1_only,,,null,,,null
net.anima_v2_connector.semantic_resampler.blocks.5.self_attention.k_proj.weight,v1.1_only,,,null,,,null
net.anima_v2_connector.semantic_resampler.blocks.5.self_attention.o_proj.weight,v1.1_only,,,null,,,null
net.anima_v2_connector.semantic_resampler.blocks.5.self_attention.q_proj.weight,v1.1_only,,,null,,,null
net.anima_v2_connector.semantic_resampler.blocks.5.self_attention.v_proj.weight,v1.1_only,,,null,,,null
net.anima_v2_connector.semantic_resampler.blocks.5.source_norm.bias,v1.1_only,,,null,,,null
net.anima_v2_connector.semantic_resampler.blocks.5.source_norm.weight,v1.1_only,,,null,,,null
net.anima_v2_connector.semantic_resampler.blocks.5.time_modulation.bias,v1.1_only,,,null,,,null
net.anima_v2_connector.semantic_resampler.blocks.5.time_modulation.weight,v1.1_only,,,null,,,null
net.anima_v2_connector.semantic_resampler.layer_embeddings,v1.1_only,,,null,,,null
net.anima_v2_connector.semantic_resampler.output_norm.bias,v1.1_only,,,null,,,null
net.anima_v2_connector.semantic_resampler.output_norm.weight,v1.1_only,,,null,,,null
net.anima_v2_connector.semantic_resampler.output_projection.weight,v1.1_only,,,null,,,null
net.anima_v2_connector.semantic_resampler.query_tokens,v1.1_only,,,null,,,null
net.anima_v2_connector.semantic_resampler.time_mlp.0.bias,v1.1_only,,,null,,,null
net.anima_v2_connector.semantic_resampler.time_mlp.0.weight,v1.1_only,,,null,,,null
net.anima_v2_connector.semantic_resampler.time_mlp.2.bias,v1.1_only,,,null,,,null
net.anima_v2_connector.semantic_resampler.time_mlp.2.weight,v1.1_only,,,null,,,null
net.anima_v2_connector.v2_attentions.0.k_norm.weight,v1.1_only,,,null,,,null
net.anima_v2_connector.v2_attentions.0.k_proj.weight,v1.1_only,,,null,,,null
net.anima_v2_connector.v2_attentions.0.o_proj.weight,v1.1_only,,,null,,,null
net.anima_v2_connector.v2_attentions.0.q_norm.weight,v1.1_only,,,null,,,null
net.anima_v2_connector.v2_attentions.0.q_proj.weight,v1.1_only,,,null,,,null
net.anima_v2_connector.v2_attentions.0.v_proj.weight,v1.1_only,,,null,,,null
net.anima_v2_connector.v2_attentions.1.k_norm.weight,v1.1_only,,,null,,,null
net.anima_v2_connector.v2_attentions.1.k_proj.weight,v1.1_only,,,null,,,null
net.anima_v2_connector.v2_attentions.1.o_proj.weight,v1.1_only,,,null,,,null
net.anima_v2_connector.v2_attentions.1.q_norm.weight,v1.1_only,,,null,,,null
net.anima_v2_connector.v2_attentions.1.q_proj.weight,v1.1_only,,,null,,,null
net.anima_v2_connector.v2_attentions.1.v_proj.weight,v1.1_only,,,null,,,null
net.anima_v2_connector.v2_attentions.2.k_norm.weight,v1.1_only,,,null,,,null
net.anima_v2_connector.v2_attentions.2.k_proj.weight,v1.1_only,,,null,,,null
net.anima_v2_connector.v2_attentions.2.o_proj.weight,v1.1_only,,,null,,,null
net.anima_v2_connector.v2_attentions.2.q_norm.weight,v1.1_only,,,null,,,null
net.anima_v2_connector.v2_attentions.2.q_proj.weight,v1.1_only,,,null,,,null
net.anima_v2_connector.v2_attentions.2.v_proj.weight,v1.1_only,,,null,,,null
net.anima_v2_connector.v2_attentions.3.k_norm.weight,v1.1_only,,,null,,,null
net.anima_v2_connector.v2_attentions.3.k_proj.weight,v1.1_only,,,null,,,null
net.anima_v2_connector.v2_attentions.3.o_proj.weight,v1.1_only,,,null,,,null
net.anima_v2_connector.v2_attentions.3.q_norm.weight,v1.1_only,,,null,,,null
net.anima_v2_connector.v2_attentions.3.q_proj.weight,v1.1_only,,,null,,,null
net.anima_v2_connector.v2_attentions.3.v_proj.weight,v1.1_only,,,null,,,null
net.anima_v2_connector.v2_attentions.4.k_norm.weight,v1.1_only,,,null,,,null
net.anima_v2_connector.v2_attentions.4.k_proj.weight,v1.1_only,,,null,,,null
net.anima_v2_connector.v2_attentions.4.o_proj.weight,v1.1_only,,,null,,,null
net.anima_v2_connector.v2_attentions.4.q_norm.weight,v1.1_only,,,null,,,null
net.anima_v2_connector.v2_attentions.4.q_proj.weight,v1.1_only,,,null,,,null
net.anima_v2_connector.v2_attentions.4.v_proj.weight,v1.1_only,,,null,,,null
net.anima_v2_connector.v2_attentions.5.k_norm.weight,v1.1_only,,,null,,,null
net.anima_v2_connector.v2_attentions.5.k_proj.weight,v1.1_only,,,null,,,null
net.anima_v2_connector.v2_attentions.5.o_proj.weight,v1.1_only,,,null,,,null
net.anima_v2_connector.v2_attentions.5.q_norm.weight,v1.1_only,,,null,,,null
net.anima_v2_connector.v2_attentions.5.q_proj.weight,v1.1_only,,,null,,,null
net.anima_v2_connector.v2_attentions.5.v_proj.weight,v1.1_only,,,null,,,null
net.anima_v2_connector.v2_query_norms.0.weight,v1.1_only,,,null,,,null
net.anima_v2_connector.v2_query_norms.1.weight,v1.1_only,,,null,,,null
net.anima_v2_connector.v2_query_norms.2.weight,v1.1_only,,,null,,,null
net.anima_v2_connector.v2_query_norms.3.weight,v1.1_only,,,null,,,null
net.anima_v2_connector.v2_query_norms.4.weight,v1.1_only,,,null,,,null
net.anima_v2_connector.v2_query_norms.5.weight,v1.1_only,,,null,,,null
net.anima_v2_connector.v2_semantic_norms.0.weight,v1.1_only,,,null,,,null
net.anima_v2_connector.v2_semantic_norms.1.weight,v1.1_only,,,null,,,null
net.anima_v2_connector.v2_semantic_norms.2.weight,v1.1_only,,,null,,,null
net.anima_v2_connector.v2_semantic_norms.3.weight,v1.1_only,,,null,,,null
net.anima_v2_connector.v2_semantic_norms.4.weight,v1.1_only,,,null,,,null
net.anima_v2_connector.v2_semantic_norms.5.weight,v1.1_only,,,null,,,null
net.blocks.0.adaln_modulation_cross_attn.1.weight,same,,,null,,,null
net.blocks.0.adaln_modulation_cross_attn.2.weight,same,,,null,,,null
net.blocks.0.adaln_modulation_mlp.1.weight,same,,,null,,,null
net.blocks.0.adaln_modulation_mlp.2.weight,same,,,null,,,null
net.blocks.0.adaln_modulation_self_attn.1.weight,same,,,null,,,null
net.blocks.0.adaln_modulation_self_attn.2.weight,same,,,null,,,null
net.blocks.0.cross_attn.k_norm.weight,same,,,null,,,null
net.blocks.0.cross_attn.k_proj.weight,same,,,null,,,null
net.blocks.0.cross_attn.output_proj.weight,same,,,null,,,null
net.blocks.0.cross_attn.q_norm.weight,same,,,null,,,null
net.blocks.0.cross_attn.q_proj.weight,same,,,null,,,null
net.blocks.0.cross_attn.v_proj.weight,same,,,null,,,null
net.blocks.0.mlp.layer1.weight,same,,,null,,,null
net.blocks.0.mlp.layer2.weight,same,,,null,,,null
net.blocks.0.self_attn.k_norm.weight,same,,,null,,,null
net.blocks.0.self_attn.k_proj.weight,same,,,null,,,null
net.blocks.0.self_attn.output_proj.weight,same,,,null,,,null
net.blocks.0.self_attn.q_norm.weight,same,,,null,,,null
net.blocks.0.self_attn.q_proj.weight,same,,,null,,,null
net.blocks.0.self_attn.v_proj.weight,same,,,null,,,null
net.blocks.1.adaln_modulation_cross_attn.1.weight,same,,,null,,,null
net.blocks.1.adaln_modulation_cross_attn.2.weight,same,,,null,,,null
net.blocks.1.adaln_modulation_mlp.1.weight,same,,,null,,,null
net.blocks.1.adaln_modulation_mlp.2.weight,same,,,null,,,null
net.blocks.1.adaln_modulation_self_attn.1.weight,same,,,null,,,null
net.blocks.1.adaln_modulation_self_attn.2.weight,same,,,null,,,null
net.blocks.1.cross_attn.k_norm.weight,same,,,null,,,null
net.blocks.1.cross_attn.k_proj.weight,same,,,null,,,null
net.blocks.1.cross_attn.output_proj.weight,same,,,null,,,null
net.blocks.1.cross_attn.q_norm.weight,same,,,null,,,null
net.blocks.1.cross_attn.q_proj.weight,same,,,null,,,null
net.blocks.1.cross_attn.v_proj.weight,same,,,null,,,null
net.blocks.1.mlp.layer1.weight,same,,,null,,,null
net.blocks.1.mlp.layer2.weight,same,,,null,,,null
net.blocks.1.self_attn.k_norm.weight,same,,,null,,,null
net.blocks.1.self_attn.k_proj.weight,same,,,null,,,null
net.blocks.1.self_attn.output_proj.weight,same,,,null,,,null
net.blocks.1.self_attn.q_norm.weight,same,,,null,,,null
net.blocks.1.self_attn.q_proj.weight,same,,,null,,,null
net.blocks.1.self_attn.v_proj.weight,same,,,null,,,null
net.blocks.10.adaln_modulation_cross_attn.1.weight,same,,,null,,,null
net.blocks.10.adaln_modulation_cross_attn.2.weight,same,,,null,,,null
net.blocks.10.adaln_modulation_mlp.1.weight,same,,,null,,,null
net.blocks.10.adaln_modulation_mlp.2.weight,same,,,null,,,null
net.blocks.10.adaln_modulation_self_attn.1.weight,same,,,null,,,null
net.blocks.10.adaln_modulation_self_attn.2.weight,same,,,null,,,null
net.blocks.10.cross_attn.k_norm.weight,same,,,null,,,null
net.blocks.10.cross_attn.k_proj.weight,same,,,null,,,null
net.blocks.10.cross_attn.output_proj.weight,same,,,null,,,null
net.blocks.10.cross_attn.q_norm.weight,same,,,null,,,null
net.blocks.10.cross_attn.q_proj.weight,same,,,null,,,null
net.blocks.10.cross_attn.v_proj.weight,same,,,null,,,null
net.blocks.10.mlp.layer1.weight,same,,,null,,,null
net.blocks.10.mlp.layer2.weight,same,,,null,,,null
net.blocks.10.self_attn.k_norm.weight,same,,,null,,,null
net.blocks.10.self_attn.k_proj.weight,same,,,null,,,null
net.blocks.10.self_attn.output_proj.weight,same,,,null,,,null
net.blocks.10.self_attn.q_norm.weight,same,,,null,,,null
net.blocks.10.self_attn.q_proj.weight,same,,,null,,,null
net.blocks.10.self_attn.v_proj.weight,same,,,null,,,null
net.blocks.11.adaln_modulation_cross_attn.1.weight,same,,,null,,,null
net.blocks.11.adaln_modulation_cross_attn.2.weight,same,,,null,,,null
net.blocks.11.adaln_modulation_mlp.1.weight,same,,,null,,,null
net.blocks.11.adaln_modulation_mlp.2.weight,same,,,null,,,null
net.blocks.11.adaln_modulation_self_attn.1.weight,same,,,null,,,null
net.blocks.11.adaln_modulation_self_attn.2.weight,same,,,null,,,null
net.blocks.11.cross_attn.k_norm.weight,same,,,null,,,null
net.blocks.11.cross_attn.k_proj.weight,same,,,null,,,null
net.blocks.11.cross_attn.output_proj.weight,same,,,null,,,null
net.blocks.11.cross_attn.q_norm.weight,same,,,null,,,null
net.blocks.11.cross_attn.q_proj.weight,same,,,null,,,null
net.blocks.11.cross_attn.v_proj.weight,same,,,null,,,null
net.blocks.11.mlp.layer1.weight,same,,,null,,,null
net.blocks.11.mlp.layer2.weight,same,,,null,,,null
net.blocks.11.self_attn.k_norm.weight,same,,,null,,,null
net.blocks.11.self_attn.k_proj.weight,same,,,null,,,null
net.blocks.11.self_attn.output_proj.weight,same,,,null,,,null
net.blocks.11.self_attn.q_norm.weight,same,,,null,,,null
net.blocks.11.self_attn.q_proj.weight,same,,,null,,,null
net.blocks.11.self_attn.v_proj.weight,same,,,null,,,null
net.blocks.12.adaln_modulation_cross_attn.1.weight,same,,,null,,,null
net.blocks.12.adaln_modulation_cross_attn.2.weight,same,,,null,,,null
net.blocks.12.adaln_modulation_mlp.1.weight,same,,,null,,,null
net.blocks.12.adaln_modulation_mlp.2.weight,same,,,null,,,null
net.blocks.12.adaln_modulation_self_attn.1.weight,same,,,null,,,null
net.blocks.12.adaln_modulation_self_attn.2.weight,same,,,null,,,null
net.blocks.12.cross_attn.k_norm.weight,same,,,null,,,null
net.blocks.12.cross_attn.k_proj.weight,same,,,null,,,null
net.blocks.12.cross_attn.output_proj.weight,same,,,null,,,null
net.blocks.12.cross_attn.q_norm.weight,same,,,null,,,null
net.blocks.12.cross_attn.q_proj.weight,same,,,null,,,null
net.blocks.12.cross_attn.v_proj.weight,same,,,null,,,null
net.blocks.12.mlp.layer1.weight,same,,,null,,,null
net.blocks.12.mlp.layer2.weight,same,,,null,,,null
net.blocks.12.self_attn.k_norm.weight,same,,,null,,,null
net.blocks.12.self_attn.k_proj.weight,same,,,null,,,null
net.blocks.12.self_attn.output_proj.weight,same,,,null,,,null
net.blocks.12.self_attn.q_norm.weight,same,,,null,,,null
net.blocks.12.self_attn.q_proj.weight,same,,,null,,,null
net.blocks.12.self_attn.v_proj.weight,same,,,null,,,null
net.blocks.13.adaln_modulation_cross_attn.1.weight,same,,,null,,,null
net.blocks.13.adaln_modulation_cross_attn.2.weight,same,,,null,,,null
net.blocks.13.adaln_modulation_mlp.1.weight,same,,,null,,,null
net.blocks.13.adaln_modulation_mlp.2.weight,same,,,null,,,null
net.blocks.13.adaln_modulation_self_attn.1.weight,same,,,null,,,null
net.blocks.13.adaln_modulation_self_attn.2.weight,same,,,null,,,null
net.blocks.13.cross_attn.k_norm.weight,same,,,null,,,null
net.blocks.13.cross_attn.k_proj.weight,same,,,null,,,null
net.blocks.13.cross_attn.output_proj.weight,same,,,null,,,null
net.blocks.13.cross_attn.q_norm.weight,same,,,null,,,null
net.blocks.13.cross_attn.q_proj.weight,same,,,null,,,null
net.blocks.13.cross_attn.v_proj.weight,same,,,null,,,null
net.blocks.13.mlp.layer1.weight,same,,,null,,,null
net.blocks.13.mlp.layer2.weight,same,,,null,,,null
net.blocks.13.self_attn.k_norm.weight,same,,,null,,,null
net.blocks.13.self_attn.k_proj.weight,same,,,null,,,null
net.blocks.13.self_attn.output_proj.weight,same,,,null,,,null
net.blocks.13.self_attn.q_norm.weight,same,,,null,,,null
net.blocks.13.self_attn.q_proj.weight,same,,,null,,,null
net.blocks.13.self_attn.v_proj.weight,same,,,null,,,null
net.blocks.14.adaln_modulation_cross_attn.1.weight,same,,,null,,,null
net.blocks.14.adaln_modulation_cross_attn.2.weight,same,,,null,,,null
net.blocks.14.adaln_modulation_mlp.1.weight,same,,,null,,,null
net.blocks.14.adaln_modulation_mlp.2.weight,same,,,null,,,null
net.blocks.14.adaln_modulation_self_attn.1.weight,same,,,null,,,null
net.blocks.14.adaln_modulation_self_attn.2.weight,same,,,null,,,null
net.blocks.14.cross_attn.k_norm.weight,same,,,null,,,null
net.blocks.14.cross_attn.k_proj.weight,same,,,null,,,null
net.blocks.14.cross_attn.output_proj.weight,same,,,null,,,null
net.blocks.14.cross_attn.q_norm.weight,same,,,null,,,null
net.blocks.14.cross_attn.q_proj.weight,same,,,null,,,null
net.blocks.14.cross_attn.v_proj.weight,same,,,null,,,null
net.blocks.14.mlp.layer1.weight,same,,,null,,,null
net.blocks.14.mlp.layer2.weight,same,,,null,,,null
net.blocks.14.self_attn.k_norm.weight,same,,,null,,,null
net.blocks.14.self_attn.k_proj.weight,same,,,null,,,null
net.blocks.14.self_attn.output_proj.weight,same,,,null,,,null
net.blocks.14.self_attn.q_norm.weight,same,,,null,,,null
net.blocks.14.self_attn.q_proj.weight,same,,,null,,,null
net.blocks.14.self_attn.v_proj.weight,same,,,null,,,null
net.blocks.15.adaln_modulation_cross_attn.1.weight,same,,,null,,,null
net.blocks.15.adaln_modulation_cross_attn.2.weight,same,,,null,,,null
net.blocks.15.adaln_modulation_mlp.1.weight,same,,,null,,,null
net.blocks.15.adaln_modulation_mlp.2.weight,same,,,null,,,null
net.blocks.15.adaln_modulation_self_attn.1.weight,same,,,null,,,null
net.blocks.15.adaln_modulation_self_attn.2.weight,same,,,null,,,null
net.blocks.15.cross_attn.k_norm.weight,same,,,null,,,null
net.blocks.15.cross_attn.k_proj.weight,same,,,null,,,null
net.blocks.15.cross_attn.output_proj.weight,same,,,null,,,null
net.blocks.15.cross_attn.q_norm.weight,same,,,null,,,null
net.blocks.15.cross_attn.q_proj.weight,same,,,null,,,null
net.blocks.15.cross_attn.v_proj.weight,same,,,null,,,null
net.blocks.15.mlp.layer1.weight,same,,,null,,,null
net.blocks.15.mlp.layer2.weight,same,,,null,,,null
net.blocks.15.self_attn.k_norm.weight,same,,,null,,,null
net.blocks.15.self_attn.k_proj.weight,same,,,null,,,null
net.blocks.15.self_attn.output_proj.weight,same,,,null,,,null
net.blocks.15.self_attn.q_norm.weight,same,,,null,,,null
net.blocks.15.self_attn.q_proj.weight,same,,,null,,,null
net.blocks.15.self_attn.v_proj.weight,same,,,null,,,null
net.blocks.16.adaln_modulation_cross_attn.1.weight,same,,,null,,,null
net.blocks.16.adaln_modulation_cross_attn.2.weight,same,,,null,,,null
net.blocks.16.adaln_modulation_mlp.1.weight,same,,,null,,,null
net.blocks.16.adaln_modulation_mlp.2.weight,same,,,null,,,null
net.blocks.16.adaln_modulation_self_attn.1.weight,same,,,null,,,null
net.blocks.16.adaln_modulation_self_attn.2.weight,same,,,null,,,null
net.blocks.16.cross_attn.k_norm.weight,same,,,null,,,null
net.blocks.16.cross_attn.k_proj.weight,same,,,null,,,null
net.blocks.16.cross_attn.output_proj.weight,same,,,null,,,null
net.blocks.16.cross_attn.q_norm.weight,same,,,null,,,null
net.blocks.16.cross_attn.q_proj.weight,same,,,null,,,null
net.blocks.16.cross_attn.v_proj.weight,same,,,null,,,null
net.blocks.16.mlp.layer1.weight,same,,,null,,,null
net.blocks.16.mlp.layer2.weight,same,,,null,,,null
net.blocks.16.self_attn.k_norm.weight,same,,,null,,,null
net.blocks.16.self_attn.k_proj.weight,same,,,null,,,null
net.blocks.16.self_attn.output_proj.weight,same,,,null,,,null
net.blocks.16.self_attn.q_norm.weight,same,,,null,,,null
net.blocks.16.self_attn.q_proj.weight,same,,,null,,,null
net.blocks.16.self_attn.v_proj.weight,same,,,null,,,null
net.blocks.17.adaln_modulation_cross_attn.1.weight,same,,,null,,,null
net.blocks.17.adaln_modulation_cross_attn.2.weight,same,,,null,,,null
net.blocks.17.adaln_modulation_mlp.1.weight,same,,,null,,,null
net.blocks.17.adaln_modulation_mlp.2.weight,same,,,null,,,null
net.blocks.17.adaln_modulation_self_attn.1.weight,same,,,null,,,null
net.blocks.17.adaln_modulation_self_attn.2.weight,same,,,null,,,null
net.blocks.17.cross_attn.k_norm.weight,same,,,null,,,null
net.blocks.17.cross_attn.k_proj.weight,same,,,null,,,null
net.blocks.17.cross_attn.output_proj.weight,same,,,null,,,null
net.blocks.17.cross_attn.q_norm.weight,same,,,null,,,null
net.blocks.17.cross_attn.q_proj.weight,same,,,null,,,null
net.blocks.17.cross_attn.v_proj.weight,same,,,null,,,null
net.blocks.17.mlp.layer1.weight,same,,,null,,,null
net.blocks.17.mlp.layer2.weight,same,,,null,,,null
net.blocks.17.self_attn.k_norm.weight,same,,,null,,,null
net.blocks.17.self_attn.k_proj.weight,same,,,null,,,null
net.blocks.17.self_attn.output_proj.weight,same,,,null,,,null
net.blocks.17.self_attn.q_norm.weight,same,,,null,,,null
net.blocks.17.self_attn.q_proj.weight,same,,,null,,,null
net.blocks.17.self_attn.v_proj.weight,same,,,null,,,null
net.blocks.18.adaln_modulation_cross_attn.1.weight,same,,,null,,,null
net.blocks.18.adaln_modulation_cross_attn.2.weight,same,,,null,,,null
net.blocks.18.adaln_modulation_mlp.1.weight,same,,,null,,,null
net.blocks.18.adaln_modulation_mlp.2.weight,same,,,null,,,null
net.blocks.18.adaln_modulation_self_attn.1.weight,same,,,null,,,null
net.blocks.18.adaln_modulation_self_attn.2.weight,same,,,null,,,null
net.blocks.18.cross_attn.k_norm.weight,same,,,null,,,null
net.blocks.18.cross_attn.k_proj.weight,same,,,null,,,null
net.blocks.18.cross_attn.output_proj.weight,same,,,null,,,null
net.blocks.18.cross_attn.q_norm.weight,same,,,null,,,null
net.blocks.18.cross_attn.q_proj.weight,same,,,null,,,null
net.blocks.18.cross_attn.v_proj.weight,same,,,null,,,null
net.blocks.18.mlp.layer1.weight,same,,,null,,,null
net.blocks.18.mlp.layer2.weight,same,,,null,,,null
net.blocks.18.self_attn.k_norm.weight,same,,,null,,,null
net.blocks.18.self_attn.k_proj.weight,same,,,null,,,null
net.blocks.18.self_attn.output_proj.weight,same,,,null,,,null
net.blocks.18.self_attn.q_norm.weight,same,,,null,,,null
net.blocks.18.self_attn.q_proj.weight,same,,,null,,,null
net.blocks.18.self_attn.v_proj.weight,same,,,null,,,null
net.blocks.19.adaln_modulation_cross_attn.1.weight,same,,,null,,,null
net.blocks.19.adaln_modulation_cross_attn.2.weight,same,,,null,,,null
net.blocks.19.adaln_modulation_mlp.1.weight,same,,,null,,,null
net.blocks.19.adaln_modulation_mlp.2.weight,same,,,null,,,null
net.blocks.19.adaln_modulation_self_attn.1.weight,same,,,null,,,null
net.blocks.19.adaln_modulation_self_attn.2.weight,same,,,null,,,null
net.blocks.19.cross_attn.k_norm.weight,same,,,null,,,null
net.blocks.19.cross_attn.k_proj.weight,same,,,null,,,null
net.blocks.19.cross_attn.output_proj.weight,same,,,null,,,null
net.blocks.19.cross_attn.q_norm.weight,same,,,null,,,null
net.blocks.19.cross_attn.q_proj.weight,same,,,null,,,null
net.blocks.19.cross_attn.v_proj.weight,same,,,null,,,null
net.blocks.19.mlp.layer1.weight,same,,,null,,,null
net.blocks.19.mlp.layer2.weight,same,,,null,,,null
net.blocks.19.self_attn.k_norm.weight,same,,,null,,,null
net.blocks.19.self_attn.k_proj.weight,same,,,null,,,null
net.blocks.19.self_attn.output_proj.weight,same,,,null,,,null
net.blocks.19.self_attn.q_norm.weight,same,,,null,,,null
net.blocks.19.self_attn.q_proj.weight,same,,,null,,,null
net.blocks.19.self_attn.v_proj.weight,same,,,null,,,null
net.blocks.2.adaln_modulation_cross_attn.1.weight,same,,,null,,,null
net.blocks.2.adaln_modulation_cross_attn.2.weight,same,,,null,,,null
net.blocks.2.adaln_modulation_mlp.1.weight,same,,,null,,,null
net.blocks.2.adaln_modulation_mlp.2.weight,same,,,null,,,null
net.blocks.2.adaln_modulation_self_attn.1.weight,same,,,null,,,null
net.blocks.2.adaln_modulation_self_attn.2.weight,same,,,null,,,null
net.blocks.2.cross_attn.k_norm.weight,same,,,null,,,null
net.blocks.2.cross_attn.k_proj.weight,same,,,null,,,null
net.blocks.2.cross_attn.output_proj.weight,same,,,null,,,null
net.blocks.2.cross_attn.q_norm.weight,same,,,null,,,null
net.blocks.2.cross_attn.q_proj.weight,same,,,null,,,null
net.blocks.2.cross_attn.v_proj.weight,same,,,null,,,null
net.blocks.2.mlp.layer1.weight,same,,,null,,,null
net.blocks.2.mlp.layer2.weight,same,,,null,,,null
net.blocks.2.self_attn.k_norm.weight,same,,,null,,,null
net.blocks.2.self_attn.k_proj.weight,same,,,null,,,null
net.blocks.2.self_attn.output_proj.weight,same,,,null,,,null
net.blocks.2.self_attn.q_norm.weight,same,,,null,,,null
net.blocks.2.self_attn.q_proj.weight,same,,,null,,,null
net.blocks.2.self_attn.v_proj.weight,same,,,null,,,null
net.blocks.20.adaln_modulation_cross_attn.1.weight,same,,,null,,,null
net.blocks.20.adaln_modulation_cross_attn.2.weight,same,,,null,,,null
net.blocks.20.adaln_modulation_mlp.1.weight,same,,,null,,,null
net.blocks.20.adaln_modulation_mlp.2.weight,same,,,null,,,null
net.blocks.20.adaln_modulation_self_attn.1.weight,same,,,null,,,null
net.blocks.20.adaln_modulation_self_attn.2.weight,same,,,null,,,null
net.blocks.20.cross_attn.k_norm.weight,same,,,null,,,null
net.blocks.20.cross_attn.k_proj.weight,same,,,null,,,null
net.blocks.20.cross_attn.output_proj.weight,same,,,null,,,null
net.blocks.20.cross_attn.q_norm.weight,same,,,null,,,null
net.blocks.20.cross_attn.q_proj.weight,same,,,null,,,null
net.blocks.20.cross_attn.v_proj.weight,same,,,null,,,null
net.blocks.20.mlp.layer1.weight,same,,,null,,,null
net.blocks.20.mlp.layer2.weight,same,,,null,,,null
net.blocks.20.self_attn.k_norm.weight,same,,,null,,,null
net.blocks.20.self_attn.k_proj.weight,same,,,null,,,null
net.blocks.20.self_attn.output_proj.weight,same,,,null,,,null
net.blocks.20.self_attn.q_norm.weight,same,,,null,,,null
net.blocks.20.self_attn.q_proj.weight,same,,,null,,,null
net.blocks.20.self_attn.v_proj.weight,same,,,null,,,null
net.blocks.21.adaln_modulation_cross_attn.1.weight,same,,,null,,,null
net.blocks.21.adaln_modulation_cross_attn.2.weight,same,,,null,,,null
net.blocks.21.adaln_modulation_mlp.1.weight,same,,,null,,,null
net.blocks.21.adaln_modulation_mlp.2.weight,same,,,null,,,null
net.blocks.21.adaln_modulation_self_attn.1.weight,same,,,null,,,null
net.blocks.21.adaln_modulation_self_attn.2.weight,same,,,null,,,null
net.blocks.21.cross_attn.k_norm.weight,same,,,null,,,null
net.blocks.21.cross_attn.k_proj.weight,same,,,null,,,null
net.blocks.21.cross_attn.output_proj.weight,same,,,null,,,null
net.blocks.21.cross_attn.q_norm.weight,same,,,null,,,null
net.blocks.21.cross_attn.q_proj.weight,same,,,null,,,null
net.blocks.21.cross_attn.v_proj.weight,same,,,null,,,null
net.blocks.21.mlp.layer1.weight,same,,,null,,,null
net.blocks.21.mlp.layer2.weight,same,,,null,,,null
net.blocks.21.self_attn.k_norm.weight,same,,,null,,,null
net.blocks.21.self_attn.k_proj.weight,same,,,null,,,null
net.blocks.21.self_attn.output_proj.weight,same,,,null,,,null
net.blocks.21.self_attn.q_norm.weight,same,,,null,,,null
net.blocks.21.self_attn.q_proj.weight,same,,,null,,,null
net.blocks.21.self_attn.v_proj.weight,same,,,null,,,null
net.blocks.22.adaln_modulation_cross_attn.1.weight,same,,,null,,,null
net.blocks.22.adaln_modulation_cross_attn.2.weight,same,,,null,,,null
net.blocks.22.adaln_modulation_mlp.1.weight,same,,,null,,,null
net.blocks.22.adaln_modulation_mlp.2.weight,same,,,null,,,null
net.blocks.22.adaln_modulation_self_attn.1.weight,same,,,null,,,null
net.blocks.22.adaln_modulation_self_attn.2.weight,same,,,null,,,null
net.blocks.22.cross_attn.k_norm.weight,same,,,null,,,null
net.blocks.22.cross_attn.k_proj.weight,same,,,null,,,null
net.blocks.22.cross_attn.output_proj.weight,same,,,null,,,null
net.blocks.22.cross_attn.q_norm.weight,same,,,null,,,null
net.blocks.22.cross_attn.q_proj.weight,same,,,null,,,null
net.blocks.22.cross_attn.v_proj.weight,same,,,null,,,null
net.blocks.22.mlp.layer1.weight,same,,,null,,,null
net.blocks.22.mlp.layer2.weight,same,,,null,,,null
net.blocks.22.self_attn.k_norm.weight,same,,,null,,,null
net.blocks.22.self_attn.k_proj.weight,same,,,null,,,null
net.blocks.22.self_attn.output_proj.weight,same,,,null,,,null
net.blocks.22.self_attn.q_norm.weight,same,,,null,,,null
net.blocks.22.self_attn.q_proj.weight,same,,,null,,,null
net.blocks.22.self_attn.v_proj.weight,same,,,null,,,null
net.blocks.23.adaln_modulation_cross_attn.1.weight,same,,,null,,,null
net.blocks.23.adaln_modulation_cross_attn.2.weight,same,,,null,,,null
net.blocks.23.adaln_modulation_mlp.1.weight,same,,,null,,,null
net.blocks.23.adaln_modulation_mlp.2.weight,same,,,null,,,null
net.blocks.23.adaln_modulation_self_attn.1.weight,same,,,null,,,null
net.blocks.23.adaln_modulation_self_attn.2.weight,same,,,null,,,null
net.blocks.23.cross_attn.k_norm.weight,same,,,null,,,null
net.blocks.23.cross_attn.k_proj.weight,same,,,null,,,null
net.blocks.23.cross_attn.output_proj.weight,same,,,null,,,null
net.blocks.23.cross_attn.q_norm.weight,same,,,null,,,null
net.blocks.23.cross_attn.q_proj.weight,same,,,null,,,null
net.blocks.23.cross_attn.v_proj.weight,same,,,null,,,null
net.blocks.23.mlp.layer1.weight,same,,,null,,,null
net.blocks.23.mlp.layer2.weight,same,,,null,,,null
net.blocks.23.self_attn.k_norm.weight,same,,,null,,,null
net.blocks.23.self_attn.k_proj.weight,same,,,null,,,null
net.blocks.23.self_attn.output_proj.weight,same,,,null,,,null
net.blocks.23.self_attn.q_norm.weight,same,,,null,,,null
net.blocks.23.self_attn.q_proj.weight,same,,,null,,,null
net.blocks.23.self_attn.v_proj.weight,same,,,null,,,null
net.blocks.24.adaln_modulation_cross_attn.1.weight,same,,,null,,,null
net.blocks.24.adaln_modulation_cross_attn.2.weight,same,,,null,,,null
net.blocks.24.adaln_modulation_mlp.1.weight,same,,,null,,,null
net.blocks.24.adaln_modulation_mlp.2.weight,same,,,null,,,null
net.blocks.24.adaln_modulation_self_attn.1.weight,same,,,null,,,null
net.blocks.24.adaln_modulation_self_attn.2.weight,same,,,null,,,null
net.blocks.24.cross_attn.k_norm.weight,same,,,null,,,null
net.blocks.24.cross_attn.k_proj.weight,same,,,null,,,null
net.blocks.24.cross_attn.output_proj.weight,same,,,null,,,null
net.blocks.24.cross_attn.q_norm.weight,same,,,null,,,null
net.blocks.24.cross_attn.q_proj.weight,same,,,null,,,null
net.blocks.24.cross_attn.v_proj.weight,same,,,null,,,null
net.blocks.24.mlp.layer1.weight,same,,,null,,,null
net.blocks.24.mlp.layer2.weight,same,,,null,,,null
net.blocks.24.self_attn.k_norm.weight,same,,,null,,,null
net.blocks.24.self_attn.k_proj.weight,same,,,null,,,null
net.blocks.24.self_attn.output_proj.weight,same,,,null,,,null
net.blocks.24.self_attn.q_norm.weight,same,,,null,,,null
net.blocks.24.self_attn.q_proj.weight,same,,,null,,,null
net.blocks.24.self_attn.v_proj.weight,same,,,null,,,null
net.blocks.25.adaln_modulation_cross_attn.1.weight,same,,,null,,,null
net.blocks.25.adaln_modulation_cross_attn.2.weight,same,,,null,,,null
net.blocks.25.adaln_modulation_mlp.1.weight,same,,,null,,,null
net.blocks.25.adaln_modulation_mlp.2.weight,same,,,null,,,null
net.blocks.25.adaln_modulation_self_attn.1.weight,same,,,null,,,null
net.blocks.25.adaln_modulation_self_attn.2.weight,same,,,null,,,null
net.blocks.25.cross_attn.k_norm.weight,same,,,null,,,null
net.blocks.25.cross_attn.k_proj.weight,same,,,null,,,null
net.blocks.25.cross_attn.output_proj.weight,same,,,null,,,null
net.blocks.25.cross_attn.q_norm.weight,same,,,null,,,null
net.blocks.25.cross_attn.q_proj.weight,same,,,null,,,null
net.blocks.25.cross_attn.v_proj.weight,same,,,null,,,null
net.blocks.25.mlp.layer1.weight,same,,,null,,,null
net.blocks.25.mlp.layer2.weight,same,,,null,,,null
net.blocks.25.self_attn.k_norm.weight,same,,,null,,,null
net.blocks.25.self_attn.k_proj.weight,same,,,null,,,null
net.blocks.25.self_attn.output_proj.weight,same,,,null,,,null
net.blocks.25.self_attn.q_norm.weight,same,,,null,,,null
net.blocks.25.self_attn.q_proj.weight,same,,,null,,,null
net.blocks.25.self_attn.v_proj.weight,same,,,null,,,null
net.blocks.26.adaln_modulation_cross_attn.1.weight,same,,,null,,,null
net.blocks.26.adaln_modulation_cross_attn.2.weight,same,,,null,,,null
net.blocks.26.adaln_modulation_mlp.1.weight,same,,,null,,,null
net.blocks.26.adaln_modulation_mlp.2.weight,same,,,null,,,null
net.blocks.26.adaln_modulation_self_attn.1.weight,same,,,null,,,null
net.blocks.26.adaln_modulation_self_attn.2.weight,same,,,null,,,null
net.blocks.26.cross_attn.k_norm.weight,same,,,null,,,null
net.blocks.26.cross_attn.k_proj.weight,same,,,null,,,null
net.blocks.26.cross_attn.output_proj.weight,same,,,null,,,null
net.blocks.26.cross_attn.q_norm.weight,same,,,null,,,null
net.blocks.26.cross_attn.q_proj.weight,same,,,null,,,null
net.blocks.26.cross_attn.v_proj.weight,same,,,null,,,null
net.blocks.26.mlp.layer1.weight,same,,,null,,,null
net.blocks.26.mlp.layer2.weight,same,,,null,,,null
net.blocks.26.self_attn.k_norm.weight,same,,,null,,,null
net.blocks.26.self_attn.k_proj.weight,same,,,null,,,null
net.blocks.26.self_attn.output_proj.weight,same,,,null,,,null
net.blocks.26.self_attn.q_norm.weight,same,,,null,,,null
net.blocks.26.self_attn.q_proj.weight,same,,,null,,,null
net.blocks.26.self_attn.v_proj.weight,same,,,null,,,null
net.blocks.27.adaln_modulation_cross_attn.1.weight,same,,,null,,,null
net.blocks.27.adaln_modulation_cross_attn.2.weight,same,,,null,,,null
net.blocks.27.adaln_modulation_mlp.1.weight,same,,,null,,,null
net.blocks.27.adaln_modulation_mlp.2.weight,same,,,null,,,null
net.blocks.27.adaln_modulation_self_attn.1.weight,same,,,null,,,null
net.blocks.27.adaln_modulation_self_attn.2.weight,same,,,null,,,null
net.blocks.27.cross_attn.k_norm.weight,same,,,null,,,null
net.blocks.27.cross_attn.k_proj.weight,same,,,null,,,null
net.blocks.27.cross_attn.output_proj.weight,same,,,null,,,null
net.blocks.27.cross_attn.q_norm.weight,same,,,null,,,null
net.blocks.27.cross_attn.q_proj.weight,same,,,null,,,null
net.blocks.27.cross_attn.v_proj.weight,same,,,null,,,null
net.blocks.27.mlp.layer1.weight,same,,,null,,,null
net.blocks.27.mlp.layer2.weight,same,,,null,,,null
net.blocks.27.self_attn.k_norm.weight,same,,,null,,,null
net.blocks.27.self_attn.k_proj.weight,same,,,null,,,null
net.blocks.27.self_attn.output_proj.weight,same,,,null,,,null
net.blocks.27.self_attn.q_norm.weight,same,,,null,,,null
net.blocks.27.self_attn.q_proj.weight,same,,,null,,,null
net.blocks.27.self_attn.v_proj.weight,same,,,null,,,null
net.blocks.28.adaln_modulation_cross_attn.1.weight,v1.1_only,,,null,,,null
net.blocks.28.adaln_modulation_cross_attn.2.weight,v1.1_only,,,null,,,null
net.blocks.28.adaln_modulation_mlp.1.weight,v1.1_only,,,null,,,null
net.blocks.28.adaln_modulation_mlp.2.weight,v1.1_only,,,null,,,null
net.blocks.28.adaln_modulation_self_attn.1.weight,v1.1_only,,,null,,,null
net.blocks.28.adaln_modulation_self_attn.2.weight,v1.1_only,,,null,,,null
net.blocks.28.cross_attn.k_norm.weight,v1.1_only,,,null,,,null
net.blocks.28.cross_attn.k_proj.weight,v1.1_only,,,null,,,null
net.blocks.28.cross_attn.output_proj.weight,v1.1_only,,,null,,,null
net.blocks.28.cross_attn.q_norm.weight,v1.1_only,,,null,,,null
net.blocks.28.cross_attn.q_proj.weight,v1.1_only,,,null,,,null
net.blocks.28.cross_attn.v_proj.weight,v1.1_only,,,null,,,null
net.blocks.28.mlp.layer1.weight,v1.1_only,,,null,,,null
net.blocks.28.mlp.layer2.weight,v1.1_only,,,null,,,null
net.blocks.28.self_attn.k_norm.weight,v1.1_only,,,null,,,null
net.blocks.28.self_attn.k_proj.weight,v1.1_only,,,null,,,null
net.blocks.28.self_attn.output_proj.weight,v1.1_only,,,null,,,null
net.blocks.28.self_attn.q_norm.weight,v1.1_only,,,null,,,null
net.blocks.28.self_attn.q_proj.weight,v1.1_only,,,null,,,null
net.blocks.28.self_attn.v_proj.weight,v1.1_only,,,null,,,null
net.blocks.29.adaln_modulation_cross_attn.1.weight,v1.1_only,,,null,,,null
net.blocks.29.adaln_modulation_cross_attn.2.weight,v1.1_only,,,null,,,null
net.blocks.29.adaln_modulation_mlp.1.weight,v1.1_only,,,null,,,null
net.blocks.29.adaln_modulation_mlp.2.weight,v1.1_only,,,null,,,null
net.blocks.29.adaln_modulation_self_attn.1.weight,v1.1_only,,,null,,,null
net.blocks.29.adaln_modulation_self_attn.2.weight,v1.1_only,,,null,,,null
net.blocks.29.cross_attn.k_norm.weight,v1.1_only,,,null,,,null
net.blocks.29.cross_attn.k_proj.weight,v1.1_only,,,null,,,null
net.blocks.29.cross_attn.output_proj.weight,v1.1_only,,,null,,,null
net.blocks.29.cross_attn.q_norm.weight,v1.1_only,,,null,,,null
net.blocks.29.cross_attn.q_proj.weight,v1.1_only,,,null,,,null
net.blocks.29.cross_attn.v_proj.weight,v1.1_only,,,null,,,null
net.blocks.29.mlp.layer1.weight,v1.1_only,,,null,,,null
net.blocks.29.mlp.layer2.weight,v1.1_only,,,null,,,null
net.blocks.29.self_attn.k_norm.weight,v1.1_only,,,null,,,null
net.blocks.29.self_attn.k_proj.weight,v1.1_only,,,null,,,null
net.blocks.29.self_attn.output_proj.weight,v1.1_only,,,null,,,null
net.blocks.29.self_attn.q_norm.weight,v1.1_only,,,null,,,null
net.blocks.29.self_attn.q_proj.weight,v1.1_only,,,null,,,null
net.blocks.29.self_attn.v_proj.weight,v1.1_only,,,null,,,null
net.blocks.3.adaln_modulation_cross_attn.1.weight,same,,,null,,,null
net.blocks.3.adaln_modulation_cross_attn.2.weight,same,,,null,,,null
net.blocks.3.adaln_modulation_mlp.1.weight,same,,,null,,,null
net.blocks.3.adaln_modulation_mlp.2.weight,same,,,null,,,null
net.blocks.3.adaln_modulation_self_attn.1.weight,same,,,null,,,null
net.blocks.3.adaln_modulation_self_attn.2.weight,same,,,null,,,null
net.blocks.3.cross_attn.k_norm.weight,same,,,null,,,null
net.blocks.3.cross_attn.k_proj.weight,same,,,null,,,null
net.blocks.3.cross_attn.output_proj.weight,same,,,null,,,null
net.blocks.3.cross_attn.q_norm.weight,same,,,null,,,null
net.blocks.3.cross_attn.q_proj.weight,same,,,null,,,null
net.blocks.3.cross_attn.v_proj.weight,same,,,null,,,null
net.blocks.3.mlp.layer1.weight,same,,,null,,,null
net.blocks.3.mlp.layer2.weight,same,,,null,,,null
net.blocks.3.self_attn.k_norm.weight,same,,,null,,,null
net.blocks.3.self_attn.k_proj.weight,same,,,null,,,null
net.blocks.3.self_attn.output_proj.weight,same,,,null,,,null
net.blocks.3.self_attn.q_norm.weight,same,,,null,,,null
net.blocks.3.self_attn.q_proj.weight,same,,,null,,,null
net.blocks.3.self_attn.v_proj.weight,same,,,null,,,null
net.blocks.30.adaln_modulation_cross_attn.1.weight,v1.1_only,,,null,,,null
net.blocks.30.adaln_modulation_cross_attn.2.weight,v1.1_only,,,null,,,null
net.blocks.30.adaln_modulation_mlp.1.weight,v1.1_only,,,null,,,null
net.blocks.30.adaln_modulation_mlp.2.weight,v1.1_only,,,null,,,null
net.blocks.30.adaln_modulation_self_attn.1.weight,v1.1_only,,,null,,,null
net.blocks.30.adaln_modulation_self_attn.2.weight,v1.1_only,,,null,,,null
net.blocks.30.cross_attn.k_norm.weight,v1.1_only,,,null,,,null
net.blocks.30.cross_attn.k_proj.weight,v1.1_only,,,null,,,null
net.blocks.30.cross_attn.output_proj.weight,v1.1_only,,,null,,,null
net.blocks.30.cross_attn.q_norm.weight,v1.1_only,,,null,,,null
net.blocks.30.cross_attn.q_proj.weight,v1.1_only,,,null,,,null
net.blocks.30.cross_attn.v_proj.weight,v1.1_only,,,null,,,null
net.blocks.30.mlp.layer1.weight,v1.1_only,,,null,,,null
net.blocks.30.mlp.layer2.weight,v1.1_only,,,null,,,null
net.blocks.30.self_attn.k_norm.weight,v1.1_only,,,null,,,null
net.blocks.30.self_attn.k_proj.weight,v1.1_only,,,null,,,null
net.blocks.30.self_attn.output_proj.weight,v1.1_only,,,null,,,null
net.blocks.30.self_attn.q_norm.weight,v1.1_only,,,null,,,null
net.blocks.30.self_attn.q_proj.weight,v1.1_only,,,null,,,null
net.blocks.30.self_attn.v_proj.weight,v1.1_only,,,null,,,null
net.blocks.31.adaln_modulation_cross_attn.1.weight,v1.1_only,,,null,,,null
net.blocks.31.adaln_modulation_cross_attn.2.weight,v1.1_only,,,null,,,null
net.blocks.31.adaln_modulation_mlp.1.weight,v1.1_only,,,null,,,null
net.blocks.31.adaln_modulation_mlp.2.weight,v1.1_only,,,null,,,null
net.blocks.31.adaln_modulation_self_attn.1.weight,v1.1_only,,,null,,,null
net.blocks.31.adaln_modulation_self_attn.2.weight,v1.1_only,,,null,,,null
net.blocks.31.cross_attn.k_norm.weight,v1.1_only,,,null,,,null
net.blocks.31.cross_attn.k_proj.weight,v1.1_only,,,null,,,null
net.blocks.31.cross_attn.output_proj.weight,v1.1_only,,,null,,,null
net.blocks.31.cross_attn.q_norm.weight,v1.1_only,,,null,,,null
net.blocks.31.cross_attn.q_proj.weight,v1.1_only,,,null,,,null
net.blocks.31.cross_attn.v_proj.weight,v1.1_only,,,null,,,null
net.blocks.31.mlp.layer1.weight,v1.1_only,,,null,,,null
net.blocks.31.mlp.layer2.weight,v1.1_only,,,null,,,null
net.blocks.31.self_attn.k_norm.weight,v1.1_only,,,null,,,null
net.blocks.31.self_attn.k_proj.weight,v1.1_only,,,null,,,null
net.blocks.31.self_attn.output_proj.weight,v1.1_only,,,null,,,null
net.blocks.31.self_attn.q_norm.weight,v1.1_only,,,null,,,null
net.blocks.31.self_attn.q_proj.weight,v1.1_only,,,null,,,null
net.blocks.31.self_attn.v_proj.weight,v1.1_only,,,null,,,null
net.blocks.32.adaln_modulation_cross_attn.1.weight,v1.1_only,,,null,,,null
net.blocks.32.adaln_modulation_cross_attn.2.weight,v1.1_only,,,null,,,null
net.blocks.32.adaln_modulation_mlp.1.weight,v1.1_only,,,null,,,null
net.blocks.32.adaln_modulation_mlp.2.weight,v1.1_only,,,null,,,null
net.blocks.32.adaln_modulation_self_attn.1.weight,v1.1_only,,,null,,,null
net.blocks.32.adaln_modulation_self_attn.2.weight,v1.1_only,,,null,,,null
net.blocks.32.cross_attn.k_norm.weight,v1.1_only,,,null,,,null
net.blocks.32.cross_attn.k_proj.weight,v1.1_only,,,null,,,null
net.blocks.32.cross_attn.output_proj.weight,v1.1_only,,,null,,,null
net.blocks.32.cross_attn.q_norm.weight,v1.1_only,,,null,,,null
net.blocks.32.cross_attn.q_proj.weight,v1.1_only,,,null,,,null
net.blocks.32.cross_attn.v_proj.weight,v1.1_only,,,null,,,null
net.blocks.32.mlp.layer1.weight,v1.1_only,,,null,,,null
net.blocks.32.mlp.layer2.weight,v1.1_only,,,null,,,null
net.blocks.32.self_attn.k_norm.weight,v1.1_only,,,null,,,null
net.blocks.32.self_attn.k_proj.weight,v1.1_only,,,null,,,null
net.blocks.32.self_attn.output_proj.weight,v1.1_only,,,null,,,null
net.blocks.32.self_attn.q_norm.weight,v1.1_only,,,null,,,null
net.blocks.32.self_attn.q_proj.weight,v1.1_only,,,null,,,null
net.blocks.32.self_attn.v_proj.weight,v1.1_only,,,null,,,null
net.blocks.33.adaln_modulation_cross_attn.1.weight,v1.1_only,,,null,,,null
net.blocks.33.adaln_modulation_cross_attn.2.weight,v1.1_only,,,null,,,null
net.blocks.33.adaln_modulation_mlp.1.weight,v1.1_only,,,null,,,null
net.blocks.33.adaln_modulation_mlp.2.weight,v1.1_only,,,null,,,null
net.blocks.33.adaln_modulation_self_attn.1.weight,v1.1_only,,,null,,,null
net.blocks.33.adaln_modulation_self_attn.2.weight,v1.1_only,,,null,,,null
net.blocks.33.cross_attn.k_norm.weight,v1.1_only,,,null,,,null
net.blocks.33.cross_attn.k_proj.weight,v1.1_only,,,null,,,null
net.blocks.33.cross_attn.output_proj.weight,v1.1_only,,,null,,,null
net.blocks.33.cross_attn.q_norm.weight,v1.1_only,,,null,,,null
net.blocks.33.cross_attn.q_proj.weight,v1.1_only,,,null,,,null
net.blocks.33.cross_attn.v_proj.weight,v1.1_only,,,null,,,null
net.blocks.33.mlp.layer1.weight,v1.1_only,,,null,,,null
net.blocks.33.mlp.layer2.weight,v1.1_only,,,null,,,null
net.blocks.33.self_attn.k_norm.weight,v1.1_only,,,null,,,null
net.blocks.33.self_attn.k_proj.weight,v1.1_only,,,null,,,null
net.blocks.33.self_attn.output_proj.weight,v1.1_only,,,null,,,null
net.blocks.33.self_attn.q_norm.weight,v1.1_only,,,null,,,null
net.blocks.33.self_attn.q_proj.weight,v1.1_only,,,null,,,null
net.blocks.33.self_attn.v_proj.weight,v1.1_only,,,null,,,null
net.blocks.34.adaln_modulation_cross_attn.1.weight,v1.1_only,,,null,,,null
net.blocks.34.adaln_modulation_cross_attn.2.weight,v1.1_only,,,null,,,null
net.blocks.34.adaln_modulation_mlp.1.weight,v1.1_only,,,null,,,null
net.blocks.34.adaln_modulation_mlp.2.weight,v1.1_only,,,null,,,null
net.blocks.34.adaln_modulation_self_attn.1.weight,v1.1_only,,,null,,,null
net.blocks.34.adaln_modulation_self_attn.2.weight,v1.1_only,,,null,,,null
net.blocks.34.cross_attn.k_norm.weight,v1.1_only,,,null,,,null
net.blocks.34.cross_attn.k_proj.weight,v1.1_only,,,null,,,null
net.blocks.34.cross_attn.output_proj.weight,v1.1_only,,,null,,,null
net.blocks.34.cross_attn.q_norm.weight,v1.1_only,,,null,,,null
net.blocks.34.cross_attn.q_proj.weight,v1.1_only,,,null,,,null
net.blocks.34.cross_attn.v_proj.weight,v1.1_only,,,null,,,null
net.blocks.34.mlp.layer1.weight,v1.1_only,,,null,,,null
net.blocks.34.mlp.layer2.weight,v1.1_only,,,null,,,null
net.blocks.34.self_attn.k_norm.weight,v1.1_only,,,null,,,null
net.blocks.34.self_attn.k_proj.weight,v1.1_only,,,null,,,null
net.blocks.34.self_attn.output_proj.weight,v1.1_only,,,null,,,null
net.blocks.34.self_attn.q_norm.weight,v1.1_only,,,null,,,null
net.blocks.34.self_attn.q_proj.weight,v1.1_only,,,null,,,null
net.blocks.34.self_attn.v_proj.weight,v1.1_only,,,null,,,null
net.blocks.35.adaln_modulation_cross_attn.1.weight,v1.1_only,,,null,,,null
net.blocks.35.adaln_modulation_cross_attn.2.weight,v1.1_only,,,null,,,null
net.blocks.35.adaln_modulation_mlp.1.weight,v1.1_only,,,null,,,null
net.blocks.35.adaln_modulation_mlp.2.weight,v1.1_only,,,null,,,null
net.blocks.35.adaln_modulation_self_attn.1.weight,v1.1_only,,,null,,,null
net.blocks.35.adaln_modulation_self_attn.2.weight,v1.1_only,,,null,,,null
net.blocks.35.cross_attn.k_norm.weight,v1.1_only,,,null,,,null
net.blocks.35.cross_attn.k_proj.weight,v1.1_only,,,null,,,null
net.blocks.35.cross_attn.output_proj.weight,v1.1_only,,,null,,,null
net.blocks.35.cross_attn.q_norm.weight,v1.1_only,,,null,,,null
net.blocks.35.cross_attn.q_proj.weight,v1.1_only,,,null,,,null
net.blocks.35.cross_attn.v_proj.weight,v1.1_only,,,null,,,null
net.blocks.35.mlp.layer1.weight,v1.1_only,,,null,,,null
net.blocks.35.mlp.layer2.weight,v1.1_only,,,null,,,null
net.blocks.35.self_attn.k_norm.weight,v1.1_only,,,null,,,null
net.blocks.35.self_attn.k_proj.weight,v1.1_only,,,null,,,null
net.blocks.35.self_attn.output_proj.weight,v1.1_only,,,null,,,null
net.blocks.35.self_attn.q_norm.weight,v1.1_only,,,null,,,null
net.blocks.35.self_attn.q_proj.weight,v1.1_only,,,null,,,null
net.blocks.35.self_attn.v_proj.weight,v1.1_only,,,null,,,null
net.blocks.36.adaln_modulation_cross_attn.1.weight,v1.1_only,,,null,,,null
net.blocks.36.adaln_modulation_cross_attn.2.weight,v1.1_only,,,null,,,null
net.blocks.36.adaln_modulation_mlp.1.weight,v1.1_only,,,null,,,null
net.blocks.36.adaln_modulation_mlp.2.weight,v1.1_only,,,null,,,null
net.blocks.36.adaln_modulation_self_attn.1.weight,v1.1_only,,,null,,,null
net.blocks.36.adaln_modulation_self_attn.2.weight,v1.1_only,,,null,,,null
net.blocks.36.cross_attn.k_norm.weight,v1.1_only,,,null,,,null
net.blocks.36.cross_attn.k_proj.weight,v1.1_only,,,null,,,null
net.blocks.36.cross_attn.output_proj.weight,v1.1_only,,,null,,,null
net.blocks.36.cross_attn.q_norm.weight,v1.1_only,,,null,,,null
net.blocks.36.cross_attn.q_proj.weight,v1.1_only,,,null,,,null
net.blocks.36.cross_attn.v_proj.weight,v1.1_only,,,null,,,null
net.blocks.36.mlp.layer1.weight,v1.1_only,,,null,,,null
net.blocks.36.mlp.layer2.weight,v1.1_only,,,null,,,null
net.blocks.36.self_attn.k_norm.weight,v1.1_only,,,null,,,null
net.blocks.36.self_attn.k_proj.weight,v1.1_only,,,null,,,null
net.blocks.36.self_attn.output_proj.weight,v1.1_only,,,null,,,null
net.blocks.36.self_attn.q_norm.weight,v1.1_only,,,null,,,null
net.blocks.36.self_attn.q_proj.weight,v1.1_only,,,null,,,null
net.blocks.36.self_attn.v_proj.weight,v1.1_only,,,null,,,null
net.blocks.37.adaln_modulation_cross_attn.1.weight,v1.1_only,,,null,,,null
net.blocks.37.adaln_modulation_cross_attn.2.weight,v1.1_only,,,null,,,null
net.blocks.37.adaln_modulation_mlp.1.weight,v1.1_only,,,null,,,null
net.blocks.37.adaln_modulation_mlp.2.weight,v1.1_only,,,null,,,null
net.blocks.37.adaln_modulation_self_attn.1.weight,v1.1_only,,,null,,,null
net.blocks.37.adaln_modulation_self_attn.2.weight,v1.1_only,,,null,,,null
net.blocks.37.cross_attn.k_norm.weight,v1.1_only,,,null,,,null
net.blocks.37.cross_attn.k_proj.weight,v1.1_only,,,null,,,null
net.blocks.37.cross_attn.output_proj.weight,v1.1_only,,,null,,,null
net.blocks.37.cross_attn.q_norm.weight,v1.1_only,,,null,,,null
net.blocks.37.cross_attn.q_proj.weight,v1.1_only,,,null,,,null
net.blocks.37.cross_attn.v_proj.weight,v1.1_only,,,null,,,null
net.blocks.37.mlp.layer1.weight,v1.1_only,,,null,,,null
net.blocks.37.mlp.layer2.weight,v1.1_only,,,null,,,null
net.blocks.37.self_attn.k_norm.weight,v1.1_only,,,null,,,null
net.blocks.37.self_attn.k_proj.weight,v1.1_only,,,null,,,null
net.blocks.37.self_attn.output_proj.weight,v1.1_only,,,null,,,null
net.blocks.37.self_attn.q_norm.weight,v1.1_only,,,null,,,null
net.blocks.37.self_attn.q_proj.weight,v1.1_only,,,null,,,null
net.blocks.37.self_attn.v_proj.weight,v1.1_only,,,null,,,null
net.blocks.38.adaln_modulation_cross_attn.1.weight,v1.1_only,,,null,,,null
net.blocks.38.adaln_modulation_cross_attn.2.weight,v1.1_only,,,null,,,null
net.blocks.38.adaln_modulation_mlp.1.weight,v1.1_only,,,null,,,null
net.blocks.38.adaln_modulation_mlp.2.weight,v1.1_only,,,null,,,null
net.blocks.38.adaln_modulation_self_attn.1.weight,v1.1_only,,,null,,,null
net.blocks.38.adaln_modulation_self_attn.2.weight,v1.1_only,,,null,,,null
net.blocks.38.cross_attn.k_norm.weight,v1.1_only,,,null,,,null
net.blocks.38.cross_attn.k_proj.weight,v1.1_only,,,null,,,null
net.blocks.38.cross_attn.output_proj.weight,v1.1_only,,,null,,,null
net.blocks.38.cross_attn.q_norm.weight,v1.1_only,,,null,,,null
net.blocks.38.cross_attn.q_proj.weight,v1.1_only,,,null,,,null
net.blocks.38.cross_attn.v_proj.weight,v1.1_only,,,null,,,null
net.blocks.38.mlp.layer1.weight,v1.1_only,,,null,,,null
net.blocks.38.mlp.layer2.weight,v1.1_only,,,null,,,null
net.blocks.38.self_attn.k_norm.weight,v1.1_only,,,null,,,null
net.blocks.38.self_attn.k_proj.weight,v1.1_only,,,null,,,null
net.blocks.38.self_attn.output_proj.weight,v1.1_only,,,null,,,null
net.blocks.38.self_attn.q_norm.weight,v1.1_only,,,null,,,null
net.blocks.38.self_attn.q_proj.weight,v1.1_only,,,null,,,null
net.blocks.38.self_attn.v_proj.weight,v1.1_only,,,null,,,null
net.blocks.39.adaln_modulation_cross_attn.1.weight,v1.1_only,,,null,,,null
net.blocks.39.adaln_modulation_cross_attn.2.weight,v1.1_only,,,null,,,null
net.blocks.39.adaln_modulation_mlp.1.weight,v1.1_only,,,null,,,null
net.blocks.39.adaln_modulation_mlp.2.weight,v1.1_only,,,null,,,null
net.blocks.39.adaln_modulation_self_attn.1.weight,v1.1_only,,,null,,,null
net.blocks.39.adaln_modulation_self_attn.2.weight,v1.1_only,,,null,,,null
net.blocks.39.cross_attn.k_norm.weight,v1.1_only,,,null,,,null
net.blocks.39.cross_attn.k_proj.weight,v1.1_only,,,null,,,null
net.blocks.39.cross_attn.output_proj.weight,v1.1_only,,,null,,,null
net.blocks.39.cross_attn.q_norm.weight,v1.1_only,,,null,,,null
net.blocks.39.cross_attn.q_proj.weight,v1.1_only,,,null,,,null
net.blocks.39.cross_attn.v_proj.weight,v1.1_only,,,null,,,null
net.blocks.39.mlp.layer1.weight,v1.1_only,,,null,,,null
net.blocks.39.mlp.layer2.weight,v1.1_only,,,null,,,null
net.blocks.39.self_attn.k_norm.weight,v1.1_only,,,null,,,null
net.blocks.39.self_attn.k_proj.weight,v1.1_only,,,null,,,null
net.blocks.39.self_attn.output_proj.weight,v1.1_only,,,null,,,null
net.blocks.39.self_attn.q_norm.weight,v1.1_only,,,null,,,null
net.blocks.39.self_attn.q_proj.weight,v1.1_only,,,null,,,null
net.blocks.39.self_attn.v_proj.weight,v1.1_only,,,null,,,null
net.blocks.4.adaln_modulation_cross_attn.1.weight,same,,,null,,,null
net.blocks.4.adaln_modulation_cross_attn.2.weight,same,,,null,,,null
net.blocks.4.adaln_modulation_mlp.1.weight,same,,,null,,,null
net.blocks.4.adaln_modulation_mlp.2.weight,same,,,null,,,null
net.blocks.4.adaln_modulation_self_attn.1.weight,same,,,null,,,null
net.blocks.4.adaln_modulation_self_attn.2.weight,same,,,null,,,null
net.blocks.4.cross_attn.k_norm.weight,same,,,null,,,null
net.blocks.4.cross_attn.k_proj.weight,same,,,null,,,null
net.blocks.4.cross_attn.output_proj.weight,same,,,null,,,null
net.blocks.4.cross_attn.q_norm.weight,same,,,null,,,null
net.blocks.4.cross_attn.q_proj.weight,same,,,null,,,null
net.blocks.4.cross_attn.v_proj.weight,same,,,null,,,null
net.blocks.4.mlp.layer1.weight,same,,,null,,,null
net.blocks.4.mlp.layer2.weight,same,,,null,,,null
net.blocks.4.self_attn.k_norm.weight,same,,,null,,,null
net.blocks.4.self_attn.k_proj.weight,same,,,null,,,null
net.blocks.4.self_attn.output_proj.weight,same,,,null,,,null
net.blocks.4.self_attn.q_norm.weight,same,,,null,,,null
net.blocks.4.self_attn.q_proj.weight,same,,,null,,,null
net.blocks.4.self_attn.v_proj.weight,same,,,null,,,null
net.blocks.40.adaln_modulation_cross_attn.1.weight,v1.1_only,,,null,,,null
net.blocks.40.adaln_modulation_cross_attn.2.weight,v1.1_only,,,null,,,null
net.blocks.40.adaln_modulation_mlp.1.weight,v1.1_only,,,null,,,null
net.blocks.40.adaln_modulation_mlp.2.weight,v1.1_only,,,null,,,null
net.blocks.40.adaln_modulation_self_attn.1.weight,v1.1_only,,,null,,,null
net.blocks.40.adaln_modulation_self_attn.2.weight,v1.1_only,,,null,,,null
net.blocks.40.cross_attn.k_norm.weight,v1.1_only,,,null,,,null
net.blocks.40.cross_attn.k_proj.weight,v1.1_only,,,null,,,null
net.blocks.40.cross_attn.output_proj.weight,v1.1_only,,,null,,,null
net.blocks.40.cross_attn.q_norm.weight,v1.1_only,,,null,,,null
net.blocks.40.cross_attn.q_proj.weight,v1.1_only,,,null,,,null
net.blocks.40.cross_attn.v_proj.weight,v1.1_only,,,null,,,null
net.blocks.40.mlp.layer1.weight,v1.1_only,,,null,,,null
net.blocks.40.mlp.layer2.weight,v1.1_only,,,null,,,null
net.blocks.40.self_attn.k_norm.weight,v1.1_only,,,null,,,null
net.blocks.40.self_attn.k_proj.weight,v1.1_only,,,null,,,null
net.blocks.40.self_attn.output_proj.weight,v1.1_only,,,null,,,null
net.blocks.40.self_attn.q_norm.weight,v1.1_only,,,null,,,null
net.blocks.40.self_attn.q_proj.weight,v1.1_only,,,null,,,null
net.blocks.40.self_attn.v_proj.weight,v1.1_only,,,null,,,null
net.blocks.41.adaln_modulation_cross_attn.1.weight,v1.1_only,,,null,,,null
net.blocks.41.adaln_modulation_cross_attn.2.weight,v1.1_only,,,null,,,null
net.blocks.41.adaln_modulation_mlp.1.weight,v1.1_only,,,null,,,null
net.blocks.41.adaln_modulation_mlp.2.weight,v1.1_only,,,null,,,null
net.blocks.41.adaln_modulation_self_attn.1.weight,v1.1_only,,,null,,,null
net.blocks.41.adaln_modulation_self_attn.2.weight,v1.1_only,,,null,,,null
net.blocks.41.cross_attn.k_norm.weight,v1.1_only,,,null,,,null
net.blocks.41.cross_attn.k_proj.weight,v1.1_only,,,null,,,null
net.blocks.41.cross_attn.output_proj.weight,v1.1_only,,,null,,,null
net.blocks.41.cross_attn.q_norm.weight,v1.1_only,,,null,,,null
net.blocks.41.cross_attn.q_proj.weight,v1.1_only,,,null,,,null
net.blocks.41.cross_attn.v_proj.weight,v1.1_only,,,null,,,null
net.blocks.41.mlp.layer1.weight,v1.1_only,,,null,,,null
net.blocks.41.mlp.layer2.weight,v1.1_only,,,null,,,null
net.blocks.41.self_attn.k_norm.weight,v1.1_only,,,null,,,null
net.blocks.41.self_attn.k_proj.weight,v1.1_only,,,null,,,null
net.blocks.41.self_attn.output_proj.weight,v1.1_only,,,null,,,null
net.blocks.41.self_attn.q_norm.weight,v1.1_only,,,null,,,null
net.blocks.41.self_attn.q_proj.weight,v1.1_only,,,null,,,null
net.blocks.41.self_attn.v_proj.weight,v1.1_only,,,null,,,null
net.blocks.42.adaln_modulation_cross_attn.1.weight,v1.1_only,,,null,,,null
net.blocks.42.adaln_modulation_cross_attn.2.weight,v1.1_only,,,null,,,null
net.blocks.42.adaln_modulation_mlp.1.weight,v1.1_only,,,null,,,null
net.blocks.42.adaln_modulation_mlp.2.weight,v1.1_only,,,null,,,null
net.blocks.42.adaln_modulation_self_attn.1.weight,v1.1_only,,,null,,,null
net.blocks.42.adaln_modulation_self_attn.2.weight,v1.1_only,,,null,,,null
net.blocks.42.cross_attn.k_norm.weight,v1.1_only,,,null,,,null
net.blocks.42.cross_attn.k_proj.weight,v1.1_only,,,null,,,null
net.blocks.42.cross_attn.output_proj.weight,v1.1_only,,,null,,,null
net.blocks.42.cross_attn.q_norm.weight,v1.1_only,,,null,,,null
net.blocks.42.cross_attn.q_proj.weight,v1.1_only,,,null,,,null
net.blocks.42.cross_attn.v_proj.weight,v1.1_only,,,null,,,null
net.blocks.42.mlp.layer1.weight,v1.1_only,,,null,,,null
net.blocks.42.mlp.layer2.weight,v1.1_only,,,null,,,null
net.blocks.42.self_attn.k_norm.weight,v1.1_only,,,null,,,null
net.blocks.42.self_attn.k_proj.weight,v1.1_only,,,null,,,null
net.blocks.42.self_attn.output_proj.weight,v1.1_only,,,null,,,null
net.blocks.42.self_attn.q_norm.weight,v1.1_only,,,null,,,null
net.blocks.42.self_attn.q_proj.weight,v1.1_only,,,null,,,null
net.blocks.42.self_attn.v_proj.weight,v1.1_only,,,null,,,null
net.blocks.43.adaln_modulation_cross_attn.1.weight,v1.1_only,,,null,,,null
net.blocks.43.adaln_modulation_cross_attn.2.weight,v1.1_only,,,null,,,null
net.blocks.43.adaln_modulation_mlp.1.weight,v1.1_only,,,null,,,null
net.blocks.43.adaln_modulation_mlp.2.weight,v1.1_only,,,null,,,null
net.blocks.43.adaln_modulation_self_attn.1.weight,v1.1_only,,,null,,,null
net.blocks.43.adaln_modulation_self_attn.2.weight,v1.1_only,,,null,,,null
net.blocks.43.cross_attn.k_norm.weight,v1.1_only,,,null,,,null
net.blocks.43.cross_attn.k_proj.weight,v1.1_only,,,null,,,null
net.blocks.43.cross_attn.output_proj.weight,v1.1_only,,,null,,,null
net.blocks.43.cross_attn.q_norm.weight,v1.1_only,,,null,,,null
net.blocks.43.cross_attn.q_proj.weight,v1.1_only,,,null,,,null
net.blocks.43.cross_attn.v_proj.weight,v1.1_only,,,null,,,null
net.blocks.43.mlp.layer1.weight,v1.1_only,,,null,,,null
net.blocks.43.mlp.layer2.weight,v1.1_only,,,null,,,null
net.blocks.43.self_attn.k_norm.weight,v1.1_only,,,null,,,null
net.blocks.43.self_attn.k_proj.weight,v1.1_only,,,null,,,null
net.blocks.43.self_attn.output_proj.weight,v1.1_only,,,null,,,null
net.blocks.43.self_attn.q_norm.weight,v1.1_only,,,null,,,null
net.blocks.43.self_attn.q_proj.weight,v1.1_only,,,null,,,null
net.blocks.43.self_attn.v_proj.weight,v1.1_only,,,null,,,null
net.blocks.44.adaln_modulation_cross_attn.1.weight,v1.1_only,,,null,,,null
net.blocks.44.adaln_modulation_cross_attn.2.weight,v1.1_only,,,null,,,null
net.blocks.44.adaln_modulation_mlp.1.weight,v1.1_only,,,null,,,null
net.blocks.44.adaln_modulation_mlp.2.weight,v1.1_only,,,null,,,null
net.blocks.44.adaln_modulation_self_attn.1.weight,v1.1_only,,,null,,,null
net.blocks.44.adaln_modulation_self_attn.2.weight,v1.1_only,,,null,,,null
net.blocks.44.cross_attn.k_norm.weight,v1.1_only,,,null,,,null
net.blocks.44.cross_attn.k_proj.weight,v1.1_only,,,null,,,null
net.blocks.44.cross_attn.output_proj.weight,v1.1_only,,,null,,,null
net.blocks.44.cross_attn.q_norm.weight,v1.1_only,,,null,,,null
net.blocks.44.cross_attn.q_proj.weight,v1.1_only,,,null,,,null
net.blocks.44.cross_attn.v_proj.weight,v1.1_only,,,null,,,null
net.blocks.44.mlp.layer1.weight,v1.1_only,,,null,,,null
net.blocks.44.mlp.layer2.weight,v1.1_only,,,null,,,null
net.blocks.44.self_attn.k_norm.weight,v1.1_only,,,null,,,null
net.blocks.44.self_attn.k_proj.weight,v1.1_only,,,null,,,null
net.blocks.44.self_attn.output_proj.weight,v1.1_only,,,null,,,null
net.blocks.44.self_attn.q_norm.weight,v1.1_only,,,null,,,null
net.blocks.44.self_attn.q_proj.weight,v1.1_only,,,null,,,null
net.blocks.44.self_attn.v_proj.weight,v1.1_only,,,null,,,null
net.blocks.45.adaln_modulation_cross_attn.1.weight,v1.1_only,,,null,,,null
net.blocks.45.adaln_modulation_cross_attn.2.weight,v1.1_only,,,null,,,null
net.blocks.45.adaln_modulation_mlp.1.weight,v1.1_only,,,null,,,null
net.blocks.45.adaln_modulation_mlp.2.weight,v1.1_only,,,null,,,null
net.blocks.45.adaln_modulation_self_attn.1.weight,v1.1_only,,,null,,,null
net.blocks.45.adaln_modulation_self_attn.2.weight,v1.1_only,,,null,,,null
net.blocks.45.cross_attn.k_norm.weight,v1.1_only,,,null,,,null
net.blocks.45.cross_attn.k_proj.weight,v1.1_only,,,null,,,null
net.blocks.45.cross_attn.output_proj.weight,v1.1_only,,,null,,,null
net.blocks.45.cross_attn.q_norm.weight,v1.1_only,,,null,,,null
net.blocks.45.cross_attn.q_proj.weight,v1.1_only,,,null,,,null
net.blocks.45.cross_attn.v_proj.weight,v1.1_only,,,null,,,null
net.blocks.45.mlp.layer1.weight,v1.1_only,,,null,,,null
net.blocks.45.mlp.layer2.weight,v1.1_only,,,null,,,null
net.blocks.45.self_attn.k_norm.weight,v1.1_only,,,null,,,null
net.blocks.45.self_attn.k_proj.weight,v1.1_only,,,null,,,null
net.blocks.45.self_attn.output_proj.weight,v1.1_only,,,null,,,null
net.blocks.45.self_attn.q_norm.weight,v1.1_only,,,null,,,null
net.blocks.45.self_attn.q_proj.weight,v1.1_only,,,null,,,null
net.blocks.45.self_attn.v_proj.weight,v1.1_only,,,null,,,null
net.blocks.46.adaln_modulation_cross_attn.1.weight,v1.1_only,,,null,,,null
net.blocks.46.adaln_modulation_cross_attn.2.weight,v1.1_only,,,null,,,null
net.blocks.46.adaln_modulation_mlp.1.weight,v1.1_only,,,null,,,null
net.blocks.46.adaln_modulation_mlp.2.weight,v1.1_only,,,null,,,null
net.blocks.46.adaln_modulation_self_attn.1.weight,v1.1_only,,,null,,,null
net.blocks.46.adaln_modulation_self_attn.2.weight,v1.1_only,,,null,,,null
net.blocks.46.cross_attn.k_norm.weight,v1.1_only,,,null,,,null
net.blocks.46.cross_attn.k_proj.weight,v1.1_only,,,null,,,null
net.blocks.46.cross_attn.output_proj.weight,v1.1_only,,,null,,,null
net.blocks.46.cross_attn.q_norm.weight,v1.1_only,,,null,,,null
net.blocks.46.cross_attn.q_proj.weight,v1.1_only,,,null,,,null
net.blocks.46.cross_attn.v_proj.weight,v1.1_only,,,null,,,null
net.blocks.46.mlp.layer1.weight,v1.1_only,,,null,,,null
net.blocks.46.mlp.layer2.weight,v1.1_only,,,null,,,null
net.blocks.46.self_attn.k_norm.weight,v1.1_only,,,null,,,null
net.blocks.46.self_attn.k_proj.weight,v1.1_only,,,null,,,null
net.blocks.46.self_attn.output_proj.weight,v1.1_only,,,null,,,null
net.blocks.46.self_attn.q_norm.weight,v1.1_only,,,null,,,null
net.blocks.46.self_attn.q_proj.weight,v1.1_only,,,null,,,null
net.blocks.46.self_attn.v_proj.weight,v1.1_only,,,null,,,null
net.blocks.47.adaln_modulation_cross_attn.1.weight,v1.1_only,,,null,,,null
net.blocks.47.adaln_modulation_cross_attn.2.weight,v1.1_only,,,null,,,null
net.blocks.47.adaln_modulation_mlp.1.weight,v1.1_only,,,null,,,null
net.blocks.47.adaln_modulation_mlp.2.weight,v1.1_only,,,null,,,null
net.blocks.47.adaln_modulation_self_attn.1.weight,v1.1_only,,,null,,,null
net.blocks.47.adaln_modulation_self_attn.2.weight,v1.1_only,,,null,,,null
net.blocks.47.cross_attn.k_norm.weight,v1.1_only,,,null,,,null
net.blocks.47.cross_attn.k_proj.weight,v1.1_only,,,null,,,null
net.blocks.47.cross_attn.output_proj.weight,v1.1_only,,,null,,,null
net.blocks.47.cross_attn.q_norm.weight,v1.1_only,,,null,,,null
net.blocks.47.cross_attn.q_proj.weight,v1.1_only,,,null,,,null
net.blocks.47.cross_attn.v_proj.weight,v1.1_only,,,null,,,null
net.blocks.47.mlp.layer1.weight,v1.1_only,,,null,,,null
net.blocks.47.mlp.layer2.weight,v1.1_only,,,null,,,null
net.blocks.47.self_attn.k_norm.weight,v1.1_only,,,null,,,null
net.blocks.47.self_attn.k_proj.weight,v1.1_only,,,null,,,null
net.blocks.47.self_attn.output_proj.weight,v1.1_only,,,null,,,null
net.blocks.47.self_attn.q_norm.weight,v1.1_only,,,null,,,null
net.blocks.47.self_attn.q_proj.weight,v1.1_only,,,null,,,null
net.blocks.47.self_attn.v_proj.weight,v1.1_only,,,null,,,null
net.blocks.48.adaln_modulation_cross_attn.1.weight,v1.1_only,,,null,,,null
net.blocks.48.adaln_modulation_cross_attn.2.weight,v1.1_only,,,null,,,null
net.blocks.48.adaln_modulation_mlp.1.weight,v1.1_only,,,null,,,null
net.blocks.48.adaln_modulation_mlp.2.weight,v1.1_only,,,null,,,null
net.blocks.48.adaln_modulation_self_attn.1.weight,v1.1_only,,,null,,,null
net.blocks.48.adaln_modulation_self_attn.2.weight,v1.1_only,,,null,,,null
net.blocks.48.cross_attn.k_norm.weight,v1.1_only,,,null,,,null
net.blocks.48.cross_attn.k_proj.weight,v1.1_only,,,null,,,null
net.blocks.48.cross_attn.output_proj.weight,v1.1_only,,,null,,,null
net.blocks.48.cross_attn.q_norm.weight,v1.1_only,,,null,,,null
net.blocks.48.cross_attn.q_proj.weight,v1.1_only,,,null,,,null
net.blocks.48.cross_attn.v_proj.weight,v1.1_only,,,null,,,null
net.blocks.48.mlp.layer1.weight,v1.1_only,,,null,,,null
net.blocks.48.mlp.layer2.weight,v1.1_only,,,null,,,null
net.blocks.48.self_attn.k_norm.weight,v1.1_only,,,null,,,null
net.blocks.48.self_attn.k_proj.weight,v1.1_only,,,null,,,null
net.blocks.48.self_attn.output_proj.weight,v1.1_only,,,null,,,null
net.blocks.48.self_attn.q_norm.weight,v1.1_only,,,null,,,null
net.blocks.48.self_attn.q_proj.weight,v1.1_only,,,null,,,null
net.blocks.48.self_attn.v_proj.weight,v1.1_only,,,null,,,null
net.blocks.49.adaln_modulation_cross_attn.1.weight,v1.1_only,,,null,,,null
net.blocks.49.adaln_modulation_cross_attn.2.weight,v1.1_only,,,null,,,null
net.blocks.49.adaln_modulation_mlp.1.weight,v1.1_only,,,null,,,null
net.blocks.49.adaln_modulation_mlp.2.weight,v1.1_only,,,null,,,null
net.blocks.49.adaln_modulation_self_attn.1.weight,v1.1_only,,,null,,,null
net.blocks.49.adaln_modulation_self_attn.2.weight,v1.1_only,,,null,,,null
net.blocks.49.cross_attn.k_norm.weight,v1.1_only,,,null,,,null
net.blocks.49.cross_attn.k_proj.weight,v1.1_only,,,null,,,null
net.blocks.49.cross_attn.output_proj.weight,v1.1_only,,,null,,,null
net.blocks.49.cross_attn.q_norm.weight,v1.1_only,,,null,,,null
net.blocks.49.cross_attn.q_proj.weight,v1.1_only,,,null,,,null
net.blocks.49.cross_attn.v_proj.weight,v1.1_only,,,null,,,null
net.blocks.49.mlp.layer1.weight,v1.1_only,,,null,,,null
net.blocks.49.mlp.layer2.weight,v1.1_only,,,null,,,null
net.blocks.49.self_attn.k_norm.weight,v1.1_only,,,null,,,null
net.blocks.49.self_attn.k_proj.weight,v1.1_only,,,null,,,null
net.blocks.49.self_attn.output_proj.weight,v1.1_only,,,null,,,null
net.blocks.49.self_attn.q_norm.weight,v1.1_only,,,null,,,null
net.blocks.49.self_attn.q_proj.weight,v1.1_only,,,null,,,null
net.blocks.49.self_attn.v_proj.weight,v1.1_only,,,null,,,null
net.blocks.5.adaln_modulation_cross_attn.1.weight,same,,,null,,,null
net.blocks.5.adaln_modulation_cross_attn.2.weight,same,,,null,,,null
net.blocks.5.adaln_modulation_mlp.1.weight,same,,,null,,,null
net.blocks.5.adaln_modulation_mlp.2.weight,same,,,null,,,null
net.blocks.5.adaln_modulation_self_attn.1.weight,same,,,null,,,null
net.blocks.5.adaln_modulation_self_attn.2.weight,same,,,null,,,null
net.blocks.5.cross_attn.k_norm.weight,same,,,null,,,null
net.blocks.5.cross_attn.k_proj.weight,same,,,null,,,null
net.blocks.5.cross_attn.output_proj.weight,same,,,null,,,null
net.blocks.5.cross_attn.q_norm.weight,same,,,null,,,null
net.blocks.5.cross_attn.q_proj.weight,same,,,null,,,null
net.blocks.5.cross_attn.v_proj.weight,same,,,null,,,null
net.blocks.5.mlp.layer1.weight,same,,,null,,,null
net.blocks.5.mlp.layer2.weight,same,,,null,,,null
net.blocks.5.self_attn.k_norm.weight,same,,,null,,,null
net.blocks.5.self_attn.k_proj.weight,same,,,null,,,null
net.blocks.5.self_attn.output_proj.weight,same,,,null,,,null
net.blocks.5.self_attn.q_norm.weight,same,,,null,,,null
net.blocks.5.self_attn.q_proj.weight,same,,,null,,,null
net.blocks.5.self_attn.v_proj.weight,same,,,null,,,null
net.blocks.50.adaln_modulation_cross_attn.1.weight,v1.1_only,,,null,,,null
net.blocks.50.adaln_modulation_cross_attn.2.weight,v1.1_only,,,null,,,null
net.blocks.50.adaln_modulation_mlp.1.weight,v1.1_only,,,null,,,null
net.blocks.50.adaln_modulation_mlp.2.weight,v1.1_only,,,null,,,null
net.blocks.50.adaln_modulation_self_attn.1.weight,v1.1_only,,,null,,,null
net.blocks.50.adaln_modulation_self_attn.2.weight,v1.1_only,,,null,,,null
net.blocks.50.cross_attn.k_norm.weight,v1.1_only,,,null,,,null
net.blocks.50.cross_attn.k_proj.weight,v1.1_only,,,null,,,null
net.blocks.50.cross_attn.output_proj.weight,v1.1_only,,,null,,,null
net.blocks.50.cross_attn.q_norm.weight,v1.1_only,,,null,,,null
net.blocks.50.cross_attn.q_proj.weight,v1.1_only,,,null,,,null
net.blocks.50.cross_attn.v_proj.weight,v1.1_only,,,null,,,null
net.blocks.50.mlp.layer1.weight,v1.1_only,,,null,,,null
net.blocks.50.mlp.layer2.weight,v1.1_only,,,null,,,null
net.blocks.50.self_attn.k_norm.weight,v1.1_only,,,null,,,null
net.blocks.50.self_attn.k_proj.weight,v1.1_only,,,null,,,null
net.blocks.50.self_attn.output_proj.weight,v1.1_only,,,null,,,null
net.blocks.50.self_attn.q_norm.weight,v1.1_only,,,null,,,null
net.blocks.50.self_attn.q_proj.weight,v1.1_only,,,null,,,null
net.blocks.50.self_attn.v_proj.weight,v1.1_only,,,null,,,null
net.blocks.51.adaln_modulation_cross_attn.1.weight,v1.1_only,,,null,,,null
net.blocks.51.adaln_modulation_cross_attn.2.weight,v1.1_only,,,null,,,null
net.blocks.51.adaln_modulation_mlp.1.weight,v1.1_only,,,null,,,null
net.blocks.51.adaln_modulation_mlp.2.weight,v1.1_only,,,null,,,null
net.blocks.51.adaln_modulation_self_attn.1.weight,v1.1_only,,,null,,,null
net.blocks.51.adaln_modulation_self_attn.2.weight,v1.1_only,,,null,,,null
net.blocks.51.cross_attn.k_norm.weight,v1.1_only,,,null,,,null
net.blocks.51.cross_attn.k_proj.weight,v1.1_only,,,null,,,null
net.blocks.51.cross_attn.output_proj.weight,v1.1_only,,,null,,,null
net.blocks.51.cross_attn.q_norm.weight,v1.1_only,,,null,,,null
net.blocks.51.cross_attn.q_proj.weight,v1.1_only,,,null,,,null
net.blocks.51.cross_attn.v_proj.weight,v1.1_only,,,null,,,null
net.blocks.51.mlp.layer1.weight,v1.1_only,,,null,,,null
net.blocks.51.mlp.layer2.weight,v1.1_only,,,null,,,null
net.blocks.51.self_attn.k_norm.weight,v1.1_only,,,null,,,null
net.blocks.51.self_attn.k_proj.weight,v1.1_only,,,null,,,null
net.blocks.51.self_attn.output_proj.weight,v1.1_only,,,null,,,null
net.blocks.51.self_attn.q_norm.weight,v1.1_only,,,null,,,null
net.blocks.51.self_attn.q_proj.weight,v1.1_only,,,null,,,null
net.blocks.51.self_attn.v_proj.weight,v1.1_only,,,null,,,null
net.blocks.6.adaln_modulation_cross_attn.1.weight,same,,,null,,,null
net.blocks.6.adaln_modulation_cross_attn.2.weight,same,,,null,,,null
net.blocks.6.adaln_modulation_mlp.1.weight,same,,,null,,,null
net.blocks.6.adaln_modulation_mlp.2.weight,same,,,null,,,null
net.blocks.6.adaln_modulation_self_attn.1.weight,same,,,null,,,null
net.blocks.6.adaln_modulation_self_attn.2.weight,same,,,null,,,null
net.blocks.6.cross_attn.k_norm.weight,same,,,null,,,null
net.blocks.6.cross_attn.k_proj.weight,same,,,null,,,null
net.blocks.6.cross_attn.output_proj.weight,same,,,null,,,null
net.blocks.6.cross_attn.q_norm.weight,same,,,null,,,null
net.blocks.6.cross_attn.q_proj.weight,same,,,null,,,null
net.blocks.6.cross_attn.v_proj.weight,same,,,null,,,null
net.blocks.6.mlp.layer1.weight,same,,,null,,,null
net.blocks.6.mlp.layer2.weight,same,,,null,,,null
net.blocks.6.self_attn.k_norm.weight,same,,,null,,,null
net.blocks.6.self_attn.k_proj.weight,same,,,null,,,null
net.blocks.6.self_attn.output_proj.weight,same,,,null,,,null
net.blocks.6.self_attn.q_norm.weight,same,,,null,,,null
net.blocks.6.self_attn.q_proj.weight,same,,,null,,,null
net.blocks.6.self_attn.v_proj.weight,same,,,null,,,null
net.blocks.7.adaln_modulation_cross_attn.1.weight,same,,,null,,,null
net.blocks.7.adaln_modulation_cross_attn.2.weight,same,,,null,,,null
net.blocks.7.adaln_modulation_mlp.1.weight,same,,,null,,,null
net.blocks.7.adaln_modulation_mlp.2.weight,same,,,null,,,null
net.blocks.7.adaln_modulation_self_attn.1.weight,same,,,null,,,null
net.blocks.7.adaln_modulation_self_attn.2.weight,same,,,null,,,null
net.blocks.7.cross_attn.k_norm.weight,same,,,null,,,null
net.blocks.7.cross_attn.k_proj.weight,same,,,null,,,null
net.blocks.7.cross_attn.output_proj.weight,same,,,null,,,null
net.blocks.7.cross_attn.q_norm.weight,same,,,null,,,null
net.blocks.7.cross_attn.q_proj.weight,same,,,null,,,null
net.blocks.7.cross_attn.v_proj.weight,same,,,null,,,null
net.blocks.7.mlp.layer1.weight,same,,,null,,,null
net.blocks.7.mlp.layer2.weight,same,,,null,,,null
net.blocks.7.self_attn.k_norm.weight,same,,,null,,,null
net.blocks.7.self_attn.k_proj.weight,same,,,null,,,null
net.blocks.7.self_attn.output_proj.weight,same,,,null,,,null
net.blocks.7.self_attn.q_norm.weight,same,,,null,,,null
net.blocks.7.self_attn.q_proj.weight,same,,,null,,,null
net.blocks.7.self_attn.v_proj.weight,same,,,null,,,null
net.blocks.8.adaln_modulation_cross_attn.1.weight,same,,,null,,,null
net.blocks.8.adaln_modulation_cross_attn.2.weight,same,,,null,,,null
net.blocks.8.adaln_modulation_mlp.1.weight,same,,,null,,,null
net.blocks.8.adaln_modulation_mlp.2.weight,same,,,null,,,null
net.blocks.8.adaln_modulation_self_attn.1.weight,same,,,null,,,null
net.blocks.8.adaln_modulation_self_attn.2.weight,same,,,null,,,null
net.blocks.8.cross_attn.k_norm.weight,same,,,null,,,null
net.blocks.8.cross_attn.k_proj.weight,same,,,null,,,null
net.blocks.8.cross_attn.output_proj.weight,same,,,null,,,null
net.blocks.8.cross_attn.q_norm.weight,same,,,null,,,null
net.blocks.8.cross_attn.q_proj.weight,same,,,null,,,null
net.blocks.8.cross_attn.v_proj.weight,same,,,null,,,null
net.blocks.8.mlp.layer1.weight,same,,,null,,,null
net.blocks.8.mlp.layer2.weight,same,,,null,,,null
net.blocks.8.self_attn.k_norm.weight,same,,,null,,,null
net.blocks.8.self_attn.k_proj.weight,same,,,null,,,null
net.blocks.8.self_attn.output_proj.weight,same,,,null,,,null
net.blocks.8.self_attn.q_norm.weight,same,,,null,,,null
net.blocks.8.self_attn.q_proj.weight,same,,,null,,,null
net.blocks.8.self_attn.v_proj.weight,same,,,null,,,null
net.blocks.9.adaln_modulation_cross_attn.1.weight,same,,,null,,,null
net.blocks.9.adaln_modulation_cross_attn.2.weight,same,,,null,,,null
net.blocks.9.adaln_modulation_mlp.1.weight,same,,,null,,,null
net.blocks.9.adaln_modulation_mlp.2.weight,same,,,null,,,null
net.blocks.9.adaln_modulation_self_attn.1.weight,same,,,null,,,null
net.blocks.9.adaln_modulation_self_attn.2.weight,same,,,null,,,null
net.blocks.9.cross_attn.k_norm.weight,same,,,null,,,null
net.blocks.9.cross_attn.k_proj.weight,same,,,null,,,null
net.blocks.9.cross_attn.output_proj.weight,same,,,null,,,null
net.blocks.9.cross_attn.q_norm.weight,same,,,null,,,null
net.blocks.9.cross_attn.q_proj.weight,same,,,null,,,null
net.blocks.9.cross_attn.v_proj.weight,same,,,null,,,null
net.blocks.9.mlp.layer1.weight,same,,,null,,,null
net.blocks.9.mlp.layer2.weight,same,,,null,,,null
net.blocks.9.self_attn.k_norm.weight,same,,,null,,,null
net.blocks.9.self_attn.k_proj.weight,same,,,null,,,null
net.blocks.9.self_attn.output_proj.weight,same,,,null,,,null
net.blocks.9.self_attn.q_norm.weight,same,,,null,,,null
net.blocks.9.self_attn.q_proj.weight,same,,,null,,,null
net.blocks.9.self_attn.v_proj.weight,same,,,null,,,null
net.final_layer.adaln_modulation.1.weight,same,,,null,,,null
net.final_layer.adaln_modulation.2.weight,same,,,null,,,null
net.final_layer.linear.weight,same,,,null,,,null
net.llm_adapter.blocks.0.cross_attn.k_norm.weight,same,,,null,,,null
net.llm_adapter.blocks.0.cross_attn.k_proj.weight,same,,,null,,,null
net.llm_adapter.blocks.0.cross_attn.o_proj.weight,same,,,null,,,null
net.llm_adapter.blocks.0.cross_attn.q_norm.weight,same,,,null,,,null
net.llm_adapter.blocks.0.cross_attn.q_proj.weight,same,,,null,,,null
net.llm_adapter.blocks.0.cross_attn.v_proj.weight,same,,,null,,,null
net.llm_adapter.blocks.0.mlp.0.bias,same,,,null,,,null
net.llm_adapter.blocks.0.mlp.0.weight,same,,,null,,,null
net.llm_adapter.blocks.0.mlp.2.bias,same,,,null,,,null
net.llm_adapter.blocks.0.mlp.2.weight,same,,,null,,,null
net.llm_adapter.blocks.0.norm_cross_attn.weight,same,,,null,,,null
net.llm_adapter.blocks.0.norm_mlp.weight,same,,,null,,,null
net.llm_adapter.blocks.0.norm_self_attn.weight,same,,,null,,,null
net.llm_adapter.blocks.0.self_attn.k_norm.weight,same,,,null,,,null
net.llm_adapter.blocks.0.self_attn.k_proj.weight,same,,,null,,,null
net.llm_adapter.blocks.0.self_attn.o_proj.weight,same,,,null,,,null
net.llm_adapter.blocks.0.self_attn.q_norm.weight,same,,,null,,,null
net.llm_adapter.blocks.0.self_attn.q_proj.weight,same,,,null,,,null
net.llm_adapter.blocks.0.self_attn.v_proj.weight,same,,,null,,,null
net.llm_adapter.blocks.1.cross_attn.k_norm.weight,same,,,null,,,null
net.llm_adapter.blocks.1.cross_attn.k_proj.weight,same,,,null,,,null
net.llm_adapter.blocks.1.cross_attn.o_proj.weight,same,,,null,,,null
net.llm_adapter.blocks.1.cross_attn.q_norm.weight,same,,,null,,,null
net.llm_adapter.blocks.1.cross_attn.q_proj.weight,same,,,null,,,null
net.llm_adapter.blocks.1.cross_attn.v_proj.weight,same,,,null,,,null
net.llm_adapter.blocks.1.mlp.0.bias,same,,,null,,,null
net.llm_adapter.blocks.1.mlp.0.weight,same,,,null,,,null
net.llm_adapter.blocks.1.mlp.2.bias,same,,,null,,,null
net.llm_adapter.blocks.1.mlp.2.weight,same,,,null,,,null
net.llm_adapter.blocks.1.norm_cross_attn.weight,same,,,null,,,null
net.llm_adapter.blocks.1.norm_mlp.weight,same,,,null,,,null
net.llm_adapter.blocks.1.norm_self_attn.weight,same,,,null,,,null
net.llm_adapter.blocks.1.self_attn.k_norm.weight,same,,,null,,,null
net.llm_adapter.blocks.1.self_attn.k_proj.weight,same,,,null,,,null
net.llm_adapter.blocks.1.self_attn.o_proj.weight,same,,,null,,,null
net.llm_adapter.blocks.1.self_attn.q_norm.weight,same,,,null,,,null
net.llm_adapter.blocks.1.self_attn.q_proj.weight,same,,,null,,,null
net.llm_adapter.blocks.1.self_attn.v_proj.weight,same,,,null,,,null
net.llm_adapter.blocks.2.cross_attn.k_norm.weight,same,,,null,,,null
net.llm_adapter.blocks.2.cross_attn.k_proj.weight,same,,,null,,,null
net.llm_adapter.blocks.2.cross_attn.o_proj.weight,same,,,null,,,null
net.llm_adapter.blocks.2.cross_attn.q_norm.weight,same,,,null,,,null
net.llm_adapter.blocks.2.cross_attn.q_proj.weight,same,,,null,,,null
net.llm_adapter.blocks.2.cross_attn.v_proj.weight,same,,,null,,,null
net.llm_adapter.blocks.2.mlp.0.bias,same,,,null,,,null
net.llm_adapter.blocks.2.mlp.0.weight,same,,,null,,,null
net.llm_adapter.blocks.2.mlp.2.bias,same,,,null,,,null
net.llm_adapter.blocks.2.mlp.2.weight,same,,,null,,,null
net.llm_adapter.blocks.2.norm_cross_attn.weight,same,,,null,,,null
net.llm_adapter.blocks.2.norm_mlp.weight,same,,,null,,,null
net.llm_adapter.blocks.2.norm_self_attn.weight,same,,,null,,,null
net.llm_adapter.blocks.2.self_attn.k_norm.weight,same,,,null,,,null
net.llm_adapter.blocks.2.self_attn.k_proj.weight,same,,,null,,,null
net.llm_adapter.blocks.2.self_attn.o_proj.weight,same,,,null,,,null
net.llm_adapter.blocks.2.self_attn.q_norm.weight,same,,,null,,,null
net.llm_adapter.blocks.2.self_attn.q_proj.weight,same,,,null,,,null
net.llm_adapter.blocks.2.self_attn.v_proj.weight,same,,,null,,,null
net.llm_adapter.blocks.3.cross_attn.k_norm.weight,same,,,null,,,null
net.llm_adapter.blocks.3.cross_attn.k_proj.weight,same,,,null,,,null
net.llm_adapter.blocks.3.cross_attn.o_proj.weight,same,,,null,,,null
net.llm_adapter.blocks.3.cross_attn.q_norm.weight,same,,,null,,,null
net.llm_adapter.blocks.3.cross_attn.q_proj.weight,same,,,null,,,null
net.llm_adapter.blocks.3.cross_attn.v_proj.weight,same,,,null,,,null
net.llm_adapter.blocks.3.mlp.0.bias,same,,,null,,,null
net.llm_adapter.blocks.3.mlp.0.weight,same,,,null,,,null
net.llm_adapter.blocks.3.mlp.2.bias,same,,,null,,,null
net.llm_adapter.blocks.3.mlp.2.weight,same,,,null,,,null
net.llm_adapter.blocks.3.norm_cross_attn.weight,same,,,null,,,null
net.llm_adapter.blocks.3.norm_mlp.weight,same,,,null,,,null
net.llm_adapter.blocks.3.norm_self_attn.weight,same,,,null,,,null
net.llm_adapter.blocks.3.self_attn.k_norm.weight,same,,,null,,,null
net.llm_adapter.blocks.3.self_attn.k_proj.weight,same,,,null,,,null
net.llm_adapter.blocks.3.self_attn.o_proj.weight,same,,,null,,,null
net.llm_adapter.blocks.3.self_attn.q_norm.weight,same,,,null,,,null
net.llm_adapter.blocks.3.self_attn.q_proj.weight,same,,,null,,,null
net.llm_adapter.blocks.3.self_attn.v_proj.weight,same,,,null,,,null
net.llm_adapter.blocks.4.cross_attn.k_norm.weight,same,,,null,,,null
net.llm_adapter.blocks.4.cross_attn.k_proj.weight,same,,,null,,,null
net.llm_adapter.blocks.4.cross_attn.o_proj.weight,same,,,null,,,null
net.llm_adapter.blocks.4.cross_attn.q_norm.weight,same,,,null,,,null
net.llm_adapter.blocks.4.cross_attn.q_proj.weight,same,,,null,,,null
net.llm_adapter.blocks.4.cross_attn.v_proj.weight,same,,,null,,,null
net.llm_adapter.blocks.4.mlp.0.bias,same,,,null,,,null
net.llm_adapter.blocks.4.mlp.0.weight,same,,,null,,,null
net.llm_adapter.blocks.4.mlp.2.bias,same,,,null,,,null
net.llm_adapter.blocks.4.mlp.2.weight,same,,,null,,,null
net.llm_adapter.blocks.4.norm_cross_attn.weight,same,,,null,,,null
net.llm_adapter.blocks.4.norm_mlp.weight,same,,,null,,,null
net.llm_adapter.blocks.4.norm_self_attn.weight,same,,,null,,,null
net.llm_adapter.blocks.4.self_attn.k_norm.weight,same,,,null,,,null
net.llm_adapter.blocks.4.self_attn.k_proj.weight,same,,,null,,,null
net.llm_adapter.blocks.4.self_attn.o_proj.weight,same,,,null,,,null
net.llm_adapter.blocks.4.self_attn.q_norm.weight,same,,,null,,,null
net.llm_adapter.blocks.4.self_attn.q_proj.weight,same,,,null,,,null
net.llm_adapter.blocks.4.self_attn.v_proj.weight,same,,,null,,,null
net.llm_adapter.blocks.5.cross_attn.k_norm.weight,same,,,null,,,null
net.llm_adapter.blocks.5.cross_attn.k_proj.weight,same,,,null,,,null
net.llm_adapter.blocks.5.cross_attn.o_proj.weight,same,,,null,,,null
net.llm_adapter.blocks.5.cross_attn.q_norm.weight,same,,,null,,,null
net.llm_adapter.blocks.5.cross_attn.q_proj.weight,same,,,null,,,null
net.llm_adapter.blocks.5.cross_attn.v_proj.weight,same,,,null,,,null
net.llm_adapter.blocks.5.mlp.0.bias,same,,,null,,,null
net.llm_adapter.blocks.5.mlp.0.weight,same,,,null,,,null
net.llm_adapter.blocks.5.mlp.2.bias,same,,,null,,,null
net.llm_adapter.blocks.5.mlp.2.weight,same,,,null,,,null
net.llm_adapter.blocks.5.norm_cross_attn.weight,same,,,null,,,null
net.llm_adapter.blocks.5.norm_mlp.weight,same,,,null,,,null
net.llm_adapter.blocks.5.norm_self_attn.weight,same,,,null,,,null
net.llm_adapter.blocks.5.self_attn.k_norm.weight,same,,,null,,,null
net.llm_adapter.blocks.5.self_attn.k_proj.weight,same,,,null,,,null
net.llm_adapter.blocks.5.self_attn.o_proj.weight,same,,,null,,,null
net.llm_adapter.blocks.5.self_attn.q_norm.weight,same,,,null,,,null
net.llm_adapter.blocks.5.self_attn.q_proj.weight,same,,,null,,,null
net.llm_adapter.blocks.5.self_attn.v_proj.weight,same,,,null,,,null
net.llm_adapter.embed.weight,same,,,null,,,null
net.llm_adapter.norm.weight,same,,,null,,,null
net.llm_adapter.out_proj.bias,same,,,null,,,null
net.llm_adapter.out_proj.weight,same,,,null,,,null
net.pos_embedder.dim_spatial_range,v1.1_only,,,null,,,null
net.pos_embedder.dim_temporal_range,v1.1_only,,,null,,,null
net.pos_embedder.seq,v1.1_only,,,null,,,null
net.t_embedder.1.linear_1.weight,same,,,null,,,null
net.t_embedder.1.linear_2.weight,same,,,null,,,null
net.t_embedding_norm.weight,same,,,null,,,null
net.x_embedder.proj.1.weight,same,,,null,,,null
