cosine_similarity,key,max_abs_diff,mean_abs_diff
1.0000275373458862,net.blocks.0.adaln_modulation_cross_attn.1.weight,0.00048828125,1.2194452210678719e-05
0.9999596476554871,net.blocks.0.adaln_modulation_cross_attn.2.weight,0.0028076171875,8.194510883186013e-06
1.0000051259994507,net.blocks.0.adaln_modulation_mlp.1.weight,0.0006103515625,1.2394149962347e-05
0.9999610781669617,net.blocks.0.adaln_modulation_mlp.2.weight,0.003387451171875,1.0857219422177877e-05
1.0000009536743164,net.blocks.0.adaln_modulation_self_attn.1.weight,0.0003662109375,1.1753658327506855e-05
0.9999809265136719,net.blocks.0.adaln_modulation_self_attn.2.weight,0.0030517578125,8.317841093230527e-06
0.9999986290931702,net.blocks.0.cross_attn.k_norm.weight,0.000732421875,0.00012991391122341156
0.9997380971908569,net.blocks.0.cross_attn.k_proj.weight,0.001220703125,8.583044109400362e-05
1.000018835067749,net.blocks.0.cross_attn.output_proj.weight,0.0010986328125,3.891528467647731e-05
0.9999987483024597,net.blocks.0.cross_attn.q_norm.weight,0.000732421875,0.0001266077160835266
1.0003018379211426,net.blocks.0.cross_attn.q_proj.weight,0.0020751953125,1.684671406110283e-05
0.9998464584350586,net.blocks.0.cross_attn.v_proj.weight,0.0008544921875,7.017545431153849e-05
1.003211498260498,net.blocks.0.mlp.layer1.weight,0.0029296875,1.2976631296623964e-05
1.0029208660125732,net.blocks.0.mlp.layer2.weight,0.0028076171875,2.3905000489321537e-05
0.9999949932098389,net.blocks.0.self_attn.k_norm.weight,0.0010986328125,9.837053949013352e-05
1.0004582405090332,net.blocks.0.self_attn.k_proj.weight,0.0025501251220703125,6.754399237252073e-06
1.000157356262207,net.blocks.0.self_attn.output_proj.weight,0.00164794921875,1.5293870092136785e-05
0.9999955892562866,net.blocks.0.self_attn.q_norm.weight,0.001102447509765625,9.259375656256452e-05
1.0000768899917603,net.blocks.0.self_attn.q_proj.weight,0.0019741058349609375,1.3354456314118579e-05
1.0001227855682373,net.blocks.0.self_attn.v_proj.weight,0.0020751953125,9.992891136789694e-06
1.0000399351119995,net.blocks.1.adaln_modulation_cross_attn.1.weight,0.00048828125,1.2820462870877236e-05
0.9999694228172302,net.blocks.1.adaln_modulation_cross_attn.2.weight,0.005615234375,7.724706847511698e-06
0.9999918937683105,net.blocks.1.adaln_modulation_mlp.1.weight,0.000732421875,2.3406566924677463e-06
1.0000859498977661,net.blocks.1.adaln_modulation_mlp.2.weight,0.001953125,9.835699529503472e-06
1.0000015497207642,net.blocks.1.adaln_modulation_self_attn.1.weight,0.00048828125,1.4812536392128095e-05
0.9999750852584839,net.blocks.1.adaln_modulation_self_attn.2.weight,0.001983642578125,5.783092547062552e-06
0.9999973773956299,net.blocks.1.cross_attn.k_norm.weight,0.001220703125,0.00017777085304260254
0.9997037649154663,net.blocks.1.cross_attn.k_proj.weight,0.001220703125,8.769510895945132e-05
1.0000146627426147,net.blocks.1.cross_attn.output_proj.weight,0.0013427734375,4.9513841076986864e-05
0.9999974966049194,net.blocks.1.cross_attn.q_norm.weight,0.001220703125,0.0001759527949616313
1.0001074075698853,net.blocks.1.cross_attn.q_proj.weight,0.001708984375,2.2363077732734382e-05
0.9998530745506287,net.blocks.1.cross_attn.v_proj.weight,0.0008697509765625,8.674226410221308e-05
1.0024328231811523,net.blocks.1.mlp.layer1.weight,0.00130462646484375,2.7214271540287882e-05
1.0020102262496948,net.blocks.1.mlp.layer2.weight,0.0017242431640625,4.453283690963872e-05
0.9999995231628418,net.blocks.1.self_attn.k_norm.weight,0.000732421875,0.0001151245814980939
1.0003085136413574,net.blocks.1.self_attn.k_proj.weight,0.002105712890625,1.2537814654933754e-05
1.000103235244751,net.blocks.1.self_attn.output_proj.weight,0.001220703125,2.6188774427282624e-05
0.9999994039535522,net.blocks.1.self_attn.q_norm.weight,0.000732421875,0.00012329391029197723
1.0000529289245605,net.blocks.1.self_attn.q_proj.weight,0.00177001953125,1.5416786482091993e-05
1.000098705291748,net.blocks.1.self_attn.v_proj.weight,0.001373291015625,1.886138488771394e-05
-0.03533274307847023,net.blocks.10.adaln_modulation_cross_attn.1.weight,0.2998046875,0.06842265278100967
0.0018625841476023197,net.blocks.10.adaln_modulation_cross_attn.2.weight,0.4770221710205078,0.023368999361991882
0.03329845145344734,net.blocks.10.adaln_modulation_mlp.1.weight,0.275390625,0.02306925132870674
-0.026994993910193443,net.blocks.10.adaln_modulation_mlp.2.weight,0.5124015808105469,0.014290458522737026
-0.09260863810777664,net.blocks.10.adaln_modulation_self_attn.1.weight,0.1982421875,0.021122170612215996
0.030377108603715897,net.blocks.10.adaln_modulation_self_attn.2.weight,0.3562965393066406,0.013765010982751846
0.5920620560646057,net.blocks.10.cross_attn.k_norm.weight,0.97088623046875,0.4922611713409424
0.0009921696037054062,net.blocks.10.cross_attn.k_proj.weight,0.10205078125,0.015149887651205063
-0.00012139299360569566,net.blocks.10.cross_attn.output_proj.weight,0.2720947265625,0.012448320165276527
0.5918902158737183,net.blocks.10.cross_attn.q_norm.weight,0.970703125,0.49226295948028564
0.0006406480097211897,net.blocks.10.cross_attn.q_proj.weight,0.1404876708984375,0.010129576548933983
-2.5053450372070074e-05,net.blocks.10.cross_attn.v_proj.weight,0.10595703125,0.01970572955906391
0.0018153894925490022,net.blocks.10.mlp.layer1.weight,0.22076416015625,0.015099997632205486
-0.000807461328804493,net.blocks.10.mlp.layer2.weight,0.365203857421875,0.010438975878059864
0.8226510286331177,net.blocks.10.self_attn.k_norm.weight,1.112060546875,0.4410743713378906
0.0005172982928343117,net.blocks.10.self_attn.k_proj.weight,0.23028564453125,0.012581998482346535
-0.0003391671634744853,net.blocks.10.self_attn.output_proj.weight,0.212615966796875,0.0110459104180336
0.8212944865226746,net.blocks.10.self_attn.q_norm.weight,1.12060546875,0.4493846893310547
-7.10166641511023e-05,net.blocks.10.self_attn.q_proj.weight,0.17919921875,0.012283382937312126
-0.0008021971443668008,net.blocks.10.self_attn.v_proj.weight,0.122802734375,0.013584591448307037
0.09157036989927292,net.blocks.11.adaln_modulation_cross_attn.1.weight,0.3056640625,0.06317141652107239
-0.0008012981270439923,net.blocks.11.adaln_modulation_cross_attn.2.weight,0.46290647983551025,0.022623153403401375
0.04461647570133209,net.blocks.11.adaln_modulation_mlp.1.weight,0.2919921875,0.022403735667467117
-0.0016192165203392506,net.blocks.11.adaln_modulation_mlp.2.weight,0.535163402557373,0.014002218842506409
0.08094575256109238,net.blocks.11.adaln_modulation_self_attn.1.weight,0.1884765625,0.019341276958584785
-0.0007169886957854033,net.blocks.11.adaln_modulation_self_attn.2.weight,0.3535175025463104,0.014559563249349594
0.5423479080200195,net.blocks.11.cross_attn.k_norm.weight,0.9810791015625,0.45090556144714355
0.0005090428167022765,net.blocks.11.cross_attn.k_proj.weight,0.115264892578125,0.015140578150749207
0.0004811190301552415,net.blocks.11.cross_attn.output_proj.weight,0.3011913299560547,0.010119524784386158
0.5427164435386658,net.blocks.11.cross_attn.q_norm.weight,0.976654052734375,0.45076870918273926
0.0007355365087278187,net.blocks.11.cross_attn.q_proj.weight,0.144256591796875,0.010331734083592892
-0.0008386946283280849,net.blocks.11.cross_attn.v_proj.weight,0.10595703125,0.01977076381444931
0.0025066954549402,net.blocks.11.mlp.layer1.weight,0.224365234375,0.015072021633386612
0.00018002669094130397,net.blocks.11.mlp.layer2.weight,0.3869047164916992,0.009798764251172543
0.8010289669036865,net.blocks.11.self_attn.k_norm.weight,1.0859375,0.39551782608032227
-0.00010799731535371393,net.blocks.11.self_attn.k_proj.weight,0.2855224609375,0.012225670740008354
-6.69039145577699e-05,net.blocks.11.self_attn.output_proj.weight,0.24555206298828125,0.009572887793183327
0.7941150665283203,net.blocks.11.self_attn.q_norm.weight,1.073974609375,0.3995547294616699
0.00034652044996619225,net.blocks.11.self_attn.q_proj.weight,0.189208984375,0.011858068406581879
0.00018851508502848446,net.blocks.11.self_attn.v_proj.weight,0.12103271484375,0.013690897263586521
-0.08335381001234055,net.blocks.12.adaln_modulation_cross_attn.1.weight,0.287109375,0.0814637765288353
-0.03494957834482193,net.blocks.12.adaln_modulation_cross_attn.2.weight,0.62646484375,0.027919767424464226
0.07327432930469513,net.blocks.12.adaln_modulation_mlp.1.weight,0.234375,0.023433856666088104
0.020757470279932022,net.blocks.12.adaln_modulation_mlp.2.weight,0.5400390625,0.022128259763121605
-0.06059660017490387,net.blocks.12.adaln_modulation_self_attn.1.weight,0.1845703125,0.021515730768442154
-0.003122510388493538,net.blocks.12.adaln_modulation_self_attn.2.weight,0.437255859375,0.022026432678103447
0.5553100109100342,net.blocks.12.cross_attn.k_norm.weight,0.995574951171875,0.5875527858734131
-0.0011370149441063404,net.blocks.12.cross_attn.k_proj.weight,0.109039306640625,0.01153472438454628
-0.0008250171667896211,net.blocks.12.cross_attn.output_proj.weight,0.322174072265625,0.013236576691269875
0.5553069114685059,net.blocks.12.cross_attn.q_norm.weight,0.99560546875,0.5879616737365723
-1.1392388842068613e-05,net.blocks.12.cross_attn.q_proj.weight,0.1537322998046875,0.010249875485897064
-0.0006095617427490652,net.blocks.12.cross_attn.v_proj.weight,0.119384765625,0.014659175649285316
0.002846238436177373,net.blocks.12.mlp.layer1.weight,0.23193359375,0.013461792841553688
2.047045563813299e-05,net.blocks.12.mlp.layer2.weight,0.51220703125,0.01349642127752304
0.7033070921897888,net.blocks.12.self_attn.k_norm.weight,1.1746826171875,0.6124433279037476
4.66802048322279e-05,net.blocks.12.self_attn.k_proj.weight,0.24725341796875,0.011418286710977554
-0.00017643737373873591,net.blocks.12.self_attn.output_proj.weight,0.2103271484375,0.013127818703651428
0.6815884113311768,net.blocks.12.self_attn.q_norm.weight,1.175537109375,0.6405529379844666
0.00022699852706864476,net.blocks.12.self_attn.q_proj.weight,0.17066192626953125,0.011113962158560753
-2.0164225134067237e-05,net.blocks.12.self_attn.v_proj.weight,0.11724853515625,0.013220351189374924
-0.03836773335933685,net.blocks.13.adaln_modulation_cross_attn.1.weight,0.3173828125,0.08486095815896988
-0.016518428921699524,net.blocks.13.adaln_modulation_cross_attn.2.weight,0.6435546875,0.027611739933490753
0.010547359474003315,net.blocks.13.adaln_modulation_mlp.1.weight,0.310546875,0.025393115356564522
0.02689776010811329,net.blocks.13.adaln_modulation_mlp.2.weight,0.3388671875,0.021158849820494652
0.020962201058864594,net.blocks.13.adaln_modulation_self_attn.1.weight,0.17236328125,0.022616371512413025
-0.008864050731062889,net.blocks.13.adaln_modulation_self_attn.2.weight,0.383544921875,0.021436991170048714
0.7261922359466553,net.blocks.13.cross_attn.k_norm.weight,1.05419921875,0.5910787582397461
-0.0004017073370050639,net.blocks.13.cross_attn.k_proj.weight,0.139190673828125,0.012242309749126434
-0.0005157580599188805,net.blocks.13.cross_attn.output_proj.weight,0.331787109375,0.013441503047943115
0.7259763479232788,net.blocks.13.cross_attn.q_norm.weight,1.05419921875,0.5910673141479492
-0.0002561300643719733,net.blocks.13.cross_attn.q_proj.weight,0.11489105224609375,0.010862456634640694
0.0005870077293366194,net.blocks.13.cross_attn.v_proj.weight,0.111328125,0.014915913343429565
0.0027983880136162043,net.blocks.13.mlp.layer1.weight,0.28471946716308594,0.013451662845909595
-0.0005636857822537422,net.blocks.13.mlp.layer2.weight,0.6629714965820312,0.013519283384084702
0.766399085521698,net.blocks.13.self_attn.k_norm.weight,1.194580078125,0.638168215751648
-0.0005668387748301029,net.blocks.13.self_attn.k_proj.weight,0.2546234130859375,0.011514490470290184
-0.0001234808296430856,net.blocks.13.self_attn.output_proj.weight,0.201171875,0.012951319105923176
0.7614875435829163,net.blocks.13.self_attn.q_norm.weight,1.18109130859375,0.6467971801757812
0.00043425249168649316,net.blocks.13.self_attn.q_proj.weight,0.179107666015625,0.011100096628069878
-2.2026881197234616e-05,net.blocks.13.self_attn.v_proj.weight,0.11151123046875,0.013130531646311283
0.010148962028324604,net.blocks.14.adaln_modulation_cross_attn.1.weight,0.3154296875,0.08354721963405609
-0.0001687251206021756,net.blocks.14.adaln_modulation_cross_attn.2.weight,0.44451141357421875,0.026325441896915436
0.03774070367217064,net.blocks.14.adaln_modulation_mlp.1.weight,0.32958984375,0.02659202553331852
0.005317654926329851,net.blocks.14.adaln_modulation_mlp.2.weight,0.5130157470703125,0.012580730952322483
-0.05135425552725792,net.blocks.14.adaln_modulation_self_attn.1.weight,0.18115234375,0.024248607456684113
0.011946326121687889,net.blocks.14.adaln_modulation_self_attn.2.weight,0.2540283203125,0.013188856653869152
0.7161850929260254,net.blocks.14.cross_attn.k_norm.weight,1.0958251953125,0.5628008842468262
-0.0003783894644584507,net.blocks.14.cross_attn.k_proj.weight,0.132568359375,0.016140256077051163
-0.0003920801100321114,net.blocks.14.cross_attn.output_proj.weight,0.297027587890625,0.01276840828359127
0.7162429690361023,net.blocks.14.cross_attn.q_norm.weight,1.095703125,0.563021183013916
0.00029816629830747843,net.blocks.14.cross_attn.q_proj.weight,0.14166259765625,0.011265972629189491
0.000548340380191803,net.blocks.14.cross_attn.v_proj.weight,0.1051025390625,0.019872672855854034
0.0017442964017391205,net.blocks.14.mlp.layer1.weight,0.181243896484375,0.015327396802604198
0.00010148456203751266,net.blocks.14.mlp.layer2.weight,0.5011978149414062,0.010324222967028618
0.7825870513916016,net.blocks.14.self_attn.k_norm.weight,1.2125244140625,0.638684868812561
-0.0006393130170181394,net.blocks.14.self_attn.k_proj.weight,0.25826454162597656,0.012588120065629482
0.00038013985613361,net.blocks.14.self_attn.output_proj.weight,0.18780517578125,0.011355144903063774
0.7776172161102295,net.blocks.14.self_attn.q_norm.weight,1.2357177734375,0.648993968963623
-0.0005300965276546776,net.blocks.14.self_attn.q_proj.weight,0.19140625,0.012019423767924309
0.0002417846699245274,net.blocks.14.self_attn.v_proj.weight,0.10218048095703125,0.013785840012133121
0.002374552423134446,net.blocks.15.adaln_modulation_cross_attn.1.weight,0.32421875,0.09236335754394531
0.00022925289522390813,net.blocks.15.adaln_modulation_cross_attn.2.weight,0.49610376358032227,0.029893266037106514
-0.07424218207597733,net.blocks.15.adaln_modulation_mlp.1.weight,0.353515625,0.02829238399863243
-0.0011678833980113268,net.blocks.15.adaln_modulation_mlp.2.weight,0.37891697883605957,0.012837314046919346
-0.025908181443810463,net.blocks.15.adaln_modulation_self_attn.1.weight,0.1787109375,0.024036137387156487
0.0001824742357712239,net.blocks.15.adaln_modulation_self_attn.2.weight,0.24902574717998505,0.012648672796785831
0.7507274150848389,net.blocks.15.cross_attn.k_norm.weight,1.1470947265625,0.6110296249389648
-0.0006532748229801655,net.blocks.15.cross_attn.k_proj.weight,0.1298828125,0.016178853809833527
0.0004568742006085813,net.blocks.15.cross_attn.output_proj.weight,0.3245887756347656,0.010616096667945385
0.7510293126106262,net.blocks.15.cross_attn.q_norm.weight,1.14697265625,0.6107816696166992
-0.0002668796805664897,net.blocks.15.cross_attn.q_proj.weight,0.1507568359375,0.011398037895560265
0.0010606527794152498,net.blocks.15.cross_attn.v_proj.weight,0.10009765625,0.020119698718190193
0.0014785247622057796,net.blocks.15.mlp.layer1.weight,0.21484375,0.015344444662332535
-1.4938312233425677e-05,net.blocks.15.mlp.layer2.weight,0.57159423828125,0.009625587612390518
0.7575191855430603,net.blocks.15.self_attn.k_norm.weight,1.30419921875,0.7168446183204651
0.000699097290635109,net.blocks.15.self_attn.k_proj.weight,0.2447509765625,0.012647942639887333
0.0007355585694313049,net.blocks.15.self_attn.output_proj.weight,0.17351150512695312,0.009391244500875473
0.7533155083656311,net.blocks.15.self_attn.q_norm.weight,1.2962646484375,0.7236384749412537
-0.0004299726861063391,net.blocks.15.self_attn.q_proj.weight,0.18505859375,0.012120045721530914
0.0003761954721994698,net.blocks.15.self_attn.v_proj.weight,0.11328125,0.013800565153360367
0.027273237705230713,net.blocks.16.adaln_modulation_cross_attn.1.weight,0.3330078125,0.0789356380701065
0.013750698417425156,net.blocks.16.adaln_modulation_cross_attn.2.weight,0.4677734375,0.02915155701339245
-0.03631734475493431,net.blocks.16.adaln_modulation_mlp.1.weight,0.3217926025390625,0.028233371675014496
-0.015533789992332458,net.blocks.16.adaln_modulation_mlp.2.weight,0.6064453125,0.020862996578216553
-0.0012605874799191952,net.blocks.16.adaln_modulation_self_attn.1.weight,0.23193359375,0.026341546326875687
-0.0020471876487135887,net.blocks.16.adaln_modulation_self_attn.2.weight,0.40155029296875,0.020920561626553535
0.757539689540863,net.blocks.16.cross_attn.k_norm.weight,1.0830078125,0.4871826171875
-0.00043059245217591524,net.blocks.16.cross_attn.k_proj.weight,0.15087890625,0.01200819481164217
0.00032408389961346984,net.blocks.16.cross_attn.output_proj.weight,0.327880859375,0.01383339986205101
0.7573322057723999,net.blocks.16.cross_attn.q_norm.weight,1.0830078125,0.4876089096069336
3.7194316973909736e-05,net.blocks.16.cross_attn.q_proj.weight,0.103546142578125,0.011419644579291344
8.693804556969553e-05,net.blocks.16.cross_attn.v_proj.weight,0.104248046875,0.015741508454084396
0.0026798115577548742,net.blocks.16.mlp.layer1.weight,0.245849609375,0.013237264938652515
-0.0002838769869413227,net.blocks.16.mlp.layer2.weight,0.67669677734375,0.013171570375561714
0.9616720080375671,net.blocks.16.self_attn.k_norm.weight,1.041015625,0.19548797607421875
-0.000242532609263435,net.blocks.16.self_attn.k_proj.weight,0.24365234375,0.012309151701629162
-0.0007931801956146955,net.blocks.16.self_attn.output_proj.weight,0.184661865234375,0.013173609040677547
0.9565218687057495,net.blocks.16.self_attn.q_norm.weight,1.0732421875,0.20184707641601562
0.00020578874682541937,net.blocks.16.self_attn.q_proj.weight,0.180908203125,0.012293417938053608
0.0005696808802895248,net.blocks.16.self_attn.v_proj.weight,0.1153564453125,0.013439676724374294
0.07291648536920547,net.blocks.17.adaln_modulation_cross_attn.1.weight,0.33203125,0.0760112777352333
0.03820148482918739,net.blocks.17.adaln_modulation_cross_attn.2.weight,0.48046875,0.030225269496440887
0.004565107636153698,net.blocks.17.adaln_modulation_mlp.1.weight,0.3681640625,0.027501346543431282
-0.008750125765800476,net.blocks.17.adaln_modulation_mlp.2.weight,0.65625,0.02161986567080021
0.0171811506152153,net.blocks.17.adaln_modulation_self_attn.1.weight,0.17724609375,0.024013223126530647
0.016816208139061928,net.blocks.17.adaln_modulation_self_attn.2.weight,0.3828125,0.01664702780544758
0.8004522919654846,net.blocks.17.cross_attn.k_norm.weight,1.1666259765625,0.4778757095336914
-0.0008190278895199299,net.blocks.17.cross_attn.k_proj.weight,0.166748046875,0.012645046226680279
0.0001294940011575818,net.blocks.17.cross_attn.output_proj.weight,0.3389091491699219,0.014224543236196041
0.8004298806190491,net.blocks.17.cross_attn.q_norm.weight,1.1666259765625,0.4774332046508789
-0.00034303092979826033,net.blocks.17.cross_attn.q_proj.weight,0.103515625,0.011785184033215046
-4.511477891355753e-05,net.blocks.17.cross_attn.v_proj.weight,0.109619140625,0.016205722466111183
0.0029899568762630224,net.blocks.17.mlp.layer1.weight,0.2269287109375,0.013154221698641777
-0.0001440636842744425,net.blocks.17.mlp.layer2.weight,0.498046875,0.01298149861395359
0.9261817932128906,net.blocks.17.self_attn.k_norm.weight,1.32275390625,0.456634521484375
-0.00021876776008866727,net.blocks.17.self_attn.k_proj.weight,0.192626953125,0.011878912337124348
-8.807735866867006e-06,net.blocks.17.self_attn.output_proj.weight,0.25579833984375,0.013010463677346706
0.9205150008201599,net.blocks.17.self_attn.q_norm.weight,1.419921875,0.4629554748535156
0.0006805165321566164,net.blocks.17.self_attn.q_proj.weight,0.1767578125,0.011877444572746754
0.00021575420396402478,net.blocks.17.self_attn.v_proj.weight,0.14813232421875,0.013432834297418594
0.01971130445599556,net.blocks.18.adaln_modulation_cross_attn.1.weight,0.3291015625,0.07037307322025299
0.003681106260046363,net.blocks.18.adaln_modulation_cross_attn.2.weight,0.3961334228515625,0.02242751233279705
-0.06640806794166565,net.blocks.18.adaln_modulation_mlp.1.weight,0.44775390625,0.028868870809674263
0.008420249447226524,net.blocks.18.adaln_modulation_mlp.2.weight,0.31463623046875,0.016085661947727203
0.0019999979995191097,net.blocks.18.adaln_modulation_self_attn.1.weight,0.2666015625,0.024674631655216217
-0.00635758601129055,net.blocks.18.adaln_modulation_self_attn.2.weight,0.1986846923828125,0.011641226708889008
0.6651850342750549,net.blocks.18.cross_attn.k_norm.weight,0.91552734375,0.3802804946899414
0.0007371483952738345,net.blocks.18.cross_attn.k_proj.weight,0.147247314453125,0.016911637037992477
-0.00010182670666836202,net.blocks.18.cross_attn.output_proj.weight,0.358612060546875,0.013464226387441158
0.6654037237167358,net.blocks.18.cross_attn.q_norm.weight,0.91943359375,0.37996864318847656
0.0007866056403145194,net.blocks.18.cross_attn.q_proj.weight,0.10498046875,0.012014912441372871
9.696731285657734e-05,net.blocks.18.cross_attn.v_proj.weight,0.11181640625,0.021201834082603455
0.0015568574890494347,net.blocks.18.mlp.layer1.weight,0.235137939453125,0.015389459207654
-0.0002007270959438756,net.blocks.18.mlp.layer2.weight,0.40936279296875,0.009948952123522758
0.9289385080337524,net.blocks.18.self_attn.k_norm.weight,1.1748046875,0.40660667419433594
3.791938070207834e-07,net.blocks.18.self_attn.k_proj.weight,0.21044921875,0.013533319346606731
-8.887721924111247e-05,net.blocks.18.self_attn.output_proj.weight,0.1636962890625,0.011681372299790382
0.9236383438110352,net.blocks.18.self_attn.q_norm.weight,1.20068359375,0.41947174072265625
0.0003769521717913449,net.blocks.18.self_attn.q_proj.weight,0.18283653259277344,0.013263970613479614
-0.00040677544893696904,net.blocks.18.self_attn.v_proj.weight,0.17535400390625,0.014425836503505707
0.027312353253364563,net.blocks.19.adaln_modulation_cross_attn.1.weight,0.32421875,0.0645383968949318
-0.0005430956371128559,net.blocks.19.adaln_modulation_cross_attn.2.weight,0.3457182049751282,0.01845206320285797
0.0031149322167038918,net.blocks.19.adaln_modulation_mlp.1.weight,0.6601409912109375,0.02960783988237381
-0.0013902143109589815,net.blocks.19.adaln_modulation_mlp.2.weight,0.43616485595703125,0.017168253660202026
0.10403146594762802,net.blocks.19.adaln_modulation_self_attn.1.weight,0.255859375,0.023489363491535187
-0.0005414814222604036,net.blocks.19.adaln_modulation_self_attn.2.weight,0.16406860947608948,0.012494531460106373
0.713005781173706,net.blocks.19.cross_attn.k_norm.weight,0.860107421875,0.3520785868167877
0.0006069488590583205,net.blocks.19.cross_attn.k_proj.weight,0.1671142578125,0.016942888498306274
0.0006246268749237061,net.blocks.19.cross_attn.output_proj.weight,0.613189697265625,0.010416921228170395
0.7129074335098267,net.blocks.19.cross_attn.q_norm.weight,0.860107421875,0.35231202840805054
0.00042827482684515417,net.blocks.19.cross_attn.q_proj.weight,0.154541015625,0.012026911601424217
3.886719059664756e-05,net.blocks.19.cross_attn.v_proj.weight,0.1187744140625,0.021336253732442856
0.001943767536431551,net.blocks.19.mlp.layer1.weight,0.23187255859375,0.015477266162633896
0.00012403125583659858,net.blocks.19.mlp.layer2.weight,0.341766357421875,0.009448913857340813
0.926318883895874,net.blocks.19.self_attn.k_norm.weight,1.27587890625,0.391876220703125
0.00017696188297122717,net.blocks.19.self_attn.k_proj.weight,0.2490234375,0.01348883006721735
-0.0013269016053527594,net.blocks.19.self_attn.output_proj.weight,0.1680908203125,0.009383332915604115
0.916113018989563,net.blocks.19.self_attn.q_norm.weight,1.333984375,0.40582275390625
-0.0005694698775187135,net.blocks.19.self_attn.q_proj.weight,0.19512939453125,0.01319477241486311
6.64390972815454e-05,net.blocks.19.self_attn.v_proj.weight,0.14764404296875,0.014446589164435863
-0.060360703617334366,net.blocks.2.adaln_modulation_cross_attn.1.weight,0.2763671875,0.02442246489226818
-0.0007398438756354153,net.blocks.2.adaln_modulation_cross_attn.2.weight,0.2265646606683731,0.00753584923222661
0.0024704919196665287,net.blocks.2.adaln_modulation_mlp.1.weight,0.213623046875,0.02971336618065834
0.0005403223913162947,net.blocks.2.adaln_modulation_mlp.2.weight,0.2062225341796875,0.013140633702278137
0.005013230722397566,net.blocks.2.adaln_modulation_self_attn.1.weight,0.12158203125,0.021756412461400032
0.003999311476945877,net.blocks.2.adaln_modulation_self_attn.2.weight,0.252532958984375,0.013396930880844593
0.2560003101825714,net.blocks.2.cross_attn.k_norm.weight,0.6613311767578125,0.13085047900676727
2.414366463199258e-06,net.blocks.2.cross_attn.k_proj.weight,0.12548828125,0.014431668445467949
-0.0008455805364064872,net.blocks.2.cross_attn.output_proj.weight,0.16436767578125,0.009743712842464447
0.2558380961418152,net.blocks.2.cross_attn.q_norm.weight,0.6612548828125,0.13106252253055573
0.00013405794743448496,net.blocks.2.cross_attn.q_proj.weight,0.2166748046875,0.005246290005743504
8.704017091076821e-05,net.blocks.2.cross_attn.v_proj.weight,0.09423828125,0.0166550911962986
0.00015329515736084431,net.blocks.2.mlp.layer1.weight,0.259674072265625,0.006741456221789122
0.000120153374155052,net.blocks.2.mlp.layer2.weight,0.4407958984375,0.007710415869951248
0.715785801410675,net.blocks.2.self_attn.k_norm.weight,0.8687591552734375,0.12238360941410065
0.001852783258073032,net.blocks.2.self_attn.k_proj.weight,0.200927734375,0.00519126420840621
0.0005426597781479359,net.blocks.2.self_attn.output_proj.weight,0.1244964599609375,0.008188612759113312
0.7341480255126953,net.blocks.2.self_attn.q_norm.weight,0.87158203125,0.12509171664714813
-0.0005277175805531442,net.blocks.2.self_attn.q_proj.weight,0.197265625,0.0052382443100214005
0.0007752205128781497,net.blocks.2.self_attn.v_proj.weight,0.14697265625,0.006594587117433548
0.15182718634605408,net.blocks.20.adaln_modulation_cross_attn.1.weight,0.3466796875,0.06963274627923965
0.03988857567310333,net.blocks.20.adaln_modulation_cross_attn.2.weight,0.5654296875,0.02922251634299755
-0.011985172517597675,net.blocks.20.adaln_modulation_mlp.1.weight,0.8623046875,0.03197407349944115
-0.03141309693455696,net.blocks.20.adaln_modulation_mlp.2.weight,0.6640625,0.024001918733119965
-0.023548169061541557,net.blocks.20.adaln_modulation_self_attn.1.weight,0.232421875,0.029085619375109673
-0.025291655212640762,net.blocks.20.adaln_modulation_self_attn.2.weight,0.389892578125,0.01863257773220539
0.4233399033546448,net.blocks.20.cross_attn.k_norm.weight,0.9843750596046448,0.5907801985740662
-0.0006060705054551363,net.blocks.20.cross_attn.k_proj.weight,0.14666748046875,0.010586499236524105
-0.0003516488941386342,net.blocks.20.cross_attn.output_proj.weight,0.607421875,0.013356317766010761
0.4357883632183075,net.blocks.20.cross_attn.q_norm.weight,0.9843750596046448,0.5896173119544983
7.774052210152149e-05,net.blocks.20.cross_attn.q_proj.weight,0.1865081787109375,0.011887877248227596
0.0012300665257498622,net.blocks.20.cross_attn.v_proj.weight,0.1419677734375,0.016281086951494217
0.0019893974531441927,net.blocks.20.mlp.layer1.weight,0.21843719482421875,0.013060289435088634
1.6927660908550024e-05,net.blocks.20.mlp.layer2.weight,0.3870849609375,0.012983919121325016
0.9628740549087524,net.blocks.20.self_attn.k_norm.weight,1.34716796875,0.2161407470703125
0.0003894356486853212,net.blocks.20.self_attn.k_proj.weight,0.188232421875,0.012111582793295383
-2.9123330023139715e-06,net.blocks.20.self_attn.output_proj.weight,0.210662841796875,0.013084248639643192
0.9632851481437683,net.blocks.20.self_attn.q_norm.weight,1.3740234375,0.2063751220703125
0.0008798264898359776,net.blocks.20.self_attn.q_proj.weight,0.181884765625,0.012370835989713669
0.0007148159784264863,net.blocks.20.self_attn.v_proj.weight,0.101318359375,0.013587433844804764
-0.05071838200092316,net.blocks.21.adaln_modulation_cross_attn.1.weight,0.349609375,0.07257255911827087
-0.012643731199204922,net.blocks.21.adaln_modulation_cross_attn.2.weight,0.6181640625,0.029568249359726906
-0.03279232978820801,net.blocks.21.adaln_modulation_mlp.1.weight,0.96337890625,0.034347567707300186
-0.022072266787290573,net.blocks.21.adaln_modulation_mlp.2.weight,0.681640625,0.02446204423904419
-0.0336185097694397,net.blocks.21.adaln_modulation_self_attn.1.weight,0.28173828125,0.03081447258591652
-0.0373690202832222,net.blocks.21.adaln_modulation_self_attn.2.weight,0.3837890625,0.020198361948132515
0.32086557149887085,net.blocks.21.cross_attn.k_norm.weight,0.9962310791015625,0.5202581286430359
-0.0006118363235145807,net.blocks.21.cross_attn.k_proj.weight,0.110687255859375,0.010479558259248734
-0.0007733596139587462,net.blocks.21.cross_attn.output_proj.weight,0.51025390625,0.013111431151628494
0.3471301198005676,net.blocks.21.cross_attn.q_norm.weight,0.994232177734375,0.5173580646514893
-0.0004561177338473499,net.blocks.21.cross_attn.q_proj.weight,0.1689453125,0.012146146968007088
0.00039358821231871843,net.blocks.21.cross_attn.v_proj.weight,0.148895263671875,0.017843298614025116
0.0013980399817228317,net.blocks.21.mlp.layer1.weight,0.3642578125,0.012909603305161
9.787567250896245e-05,net.blocks.21.mlp.layer2.weight,0.75177001953125,0.012916114181280136
0.8926780223846436,net.blocks.21.self_attn.k_norm.weight,1.247314453125,0.4484628438949585
3.3478678233223036e-05,net.blocks.21.self_attn.k_proj.weight,0.269561767578125,0.011621009558439255
0.0001707360497675836,net.blocks.21.self_attn.output_proj.weight,0.26031494140625,0.013074652291834354
0.8860284090042114,net.blocks.21.self_attn.q_norm.weight,1.2451171875,0.46812868118286133
0.0003298456431366503,net.blocks.21.self_attn.q_proj.weight,0.19049072265625,0.01193042192608118
-0.00043222366366535425,net.blocks.21.self_attn.v_proj.weight,0.1649169921875,0.013632305897772312
-0.005211981944739819,net.blocks.22.adaln_modulation_cross_attn.1.weight,0.2900390625,0.06651082634925842
-0.0008786767721176147,net.blocks.22.adaln_modulation_cross_attn.2.weight,0.3753509521484375,0.017667457461357117
0.009391029365360737,net.blocks.22.adaln_modulation_mlp.1.weight,0.83642578125,0.03659160062670708
-0.005241898819804192,net.blocks.22.adaln_modulation_mlp.2.weight,0.5300750732421875,0.022177426144480705
0.0981687605381012,net.blocks.22.adaln_modulation_self_attn.1.weight,0.296875,0.030158331617712975
0.017535321414470673,net.blocks.22.adaln_modulation_self_attn.2.weight,0.3537139892578125,0.013654251582920551
0.2664952278137207,net.blocks.22.cross_attn.k_norm.weight,0.99609375,0.5293183326721191
0.0008405958069488406,net.blocks.22.cross_attn.k_proj.weight,0.124755859375,0.017047079280018806
-0.00047248724149540067,net.blocks.22.cross_attn.output_proj.weight,0.688446044921875,0.011814812198281288
0.2752457857131958,net.blocks.22.cross_attn.q_norm.weight,0.99609375,0.5274012088775635
0.0004981485544703901,net.blocks.22.cross_attn.q_proj.weight,0.24810791015625,0.012538599781692028
0.0003666922857519239,net.blocks.22.cross_attn.v_proj.weight,0.19384765625,0.020266510546207428
0.0006999331526458263,net.blocks.22.mlp.layer1.weight,0.244842529296875,0.01538184192031622
-0.0006183905061334372,net.blocks.22.mlp.layer2.weight,0.6218109130859375,0.010441386140882969
0.8824489116668701,net.blocks.22.self_attn.k_norm.weight,1.2578125,0.4182363748550415
0.0001363107585348189,net.blocks.22.self_attn.k_proj.weight,0.295654296875,0.013563796877861023
0.00021637629834003747,net.blocks.22.self_attn.output_proj.weight,0.21923828125,0.012902823276817799
0.8774359822273254,net.blocks.22.self_attn.q_norm.weight,1.203125,0.4264988899230957
-0.0006776964874006808,net.blocks.22.self_attn.q_proj.weight,0.1826171875,0.01371349859982729
0.0005405280971899629,net.blocks.22.self_attn.v_proj.weight,0.122314453125,0.015223908238112926
0.03564590960741043,net.blocks.23.adaln_modulation_cross_attn.1.weight,0.375,0.07626917958259583
-5.895487265661359e-05,net.blocks.23.adaln_modulation_cross_attn.2.weight,0.2539806365966797,0.018168052658438683
-0.019854266196489334,net.blocks.23.adaln_modulation_mlp.1.weight,0.4560546875,0.042171869426965714
0.0011557410471141338,net.blocks.23.adaln_modulation_mlp.2.weight,0.6367205381393433,0.02869611419737339
-0.05017910897731781,net.blocks.23.adaln_modulation_self_attn.1.weight,0.275390625,0.03580693155527115
0.00010261156421620399,net.blocks.23.adaln_modulation_self_attn.2.weight,0.46093782782554626,0.017214516177773476
0.3375025987625122,net.blocks.23.cross_attn.k_norm.weight,0.9931182861328125,0.5185519456863403
-0.0012930460507050157,net.blocks.23.cross_attn.k_proj.weight,0.11865234375,0.017441049218177795
-0.00035960724926553667,net.blocks.23.cross_attn.output_proj.weight,0.36386871337890625,0.010055547580122948
0.33486583828926086,net.blocks.23.cross_attn.q_norm.weight,0.998687744140625,0.5186522006988525
-0.00020174540986772627,net.blocks.23.cross_attn.q_proj.weight,0.1503448486328125,0.012487241066992283
0.00022382944007404149,net.blocks.23.cross_attn.v_proj.weight,0.184814453125,0.023973023518919945
0.0013076798059046268,net.blocks.23.mlp.layer1.weight,0.305908203125,0.01535126194357872
0.0003573832509573549,net.blocks.23.mlp.layer2.weight,0.654266357421875,0.010170157067477703
0.8970978856086731,net.blocks.23.self_attn.k_norm.weight,1.294921875,0.5167374610900879
0.0007742105517536402,net.blocks.23.self_attn.k_proj.weight,0.297119140625,0.013647936284542084
-0.0009486969793215394,net.blocks.23.self_attn.output_proj.weight,0.1642303466796875,0.009762536734342575
0.9001138210296631,net.blocks.23.self_attn.q_norm.weight,1.287109375,0.5210208892822266
0.0006610830896534026,net.blocks.23.self_attn.q_proj.weight,0.17608642578125,0.013942664489150047
-0.00022415783314500004,net.blocks.23.self_attn.v_proj.weight,0.1483612060546875,0.015206272713840008
0.07360067963600159,net.blocks.24.adaln_modulation_cross_attn.1.weight,0.34765625,0.07871299982070923
0.01969689503312111,net.blocks.24.adaln_modulation_cross_attn.2.weight,0.5533447265625,0.032058510929346085
-0.03430202975869179,net.blocks.24.adaln_modulation_mlp.1.weight,0.3447265625,0.0443887934088707
-0.00012007448822259903,net.blocks.24.adaln_modulation_mlp.2.weight,0.626708984375,0.03180776163935661
-0.035826459527015686,net.blocks.24.adaln_modulation_self_attn.1.weight,0.25830078125,0.03263722360134125
-0.02593640424311161,net.blocks.24.adaln_modulation_self_attn.2.weight,0.49951171875,0.02155395597219467
0.2775241732597351,net.blocks.24.cross_attn.k_norm.weight,1.0404052734375,0.7080405950546265
0.0002382307720836252,net.blocks.24.cross_attn.k_proj.weight,0.111083984375,0.010743233375251293
0.00064942886820063,net.blocks.24.cross_attn.output_proj.weight,0.33673095703125,0.013492567464709282
0.3009730279445648,net.blocks.24.cross_attn.q_norm.weight,1.0300827026367188,0.7066177725791931
0.0010524842655286193,net.blocks.24.cross_attn.q_proj.weight,0.177734375,0.012088488787412643
0.0015001206193119287,net.blocks.24.cross_attn.v_proj.weight,0.132080078125,0.015642549842596054
0.0011981745483353734,net.blocks.24.mlp.layer1.weight,0.255523681640625,0.012616392225027084
-0.0002552501973696053,net.blocks.24.mlp.layer2.weight,0.51416015625,0.013011393137276173
0.9235691428184509,net.blocks.24.self_attn.k_norm.weight,1.1552734375,0.28549107909202576
-0.0019306832691654563,net.blocks.24.self_attn.k_proj.weight,0.25604248046875,0.011992225423455238
0.00044909433927387,net.blocks.24.self_attn.output_proj.weight,0.18255615234375,0.01313858013600111
0.9204267263412476,net.blocks.24.self_attn.q_norm.weight,1.1630859375,0.29520416259765625
-0.00010263787407893687,net.blocks.24.self_attn.q_proj.weight,0.2109375,0.01215557474642992
-0.0001955493789864704,net.blocks.24.self_attn.v_proj.weight,0.1259765625,0.013685880228877068
-0.013542722910642624,net.blocks.25.adaln_modulation_cross_attn.1.weight,0.4306640625,0.09125292301177979
-0.0019195377826690674,net.blocks.25.adaln_modulation_cross_attn.2.weight,0.54541015625,0.0312575064599514
-0.048591919243335724,net.blocks.25.adaln_modulation_mlp.1.weight,0.6328125,0.051427025347948074
-0.05352681875228882,net.blocks.25.adaln_modulation_mlp.2.weight,0.67041015625,0.035085853189229965
-0.06657332926988602,net.blocks.25.adaln_modulation_self_attn.1.weight,0.369140625,0.032255906611680984
0.05285407975316048,net.blocks.25.adaln_modulation_self_attn.2.weight,0.813232421875,0.018795983865857124
0.4190729558467865,net.blocks.25.cross_attn.k_norm.weight,1.12890625,0.8424385786056519
0.0006979707395657897,net.blocks.25.cross_attn.k_proj.weight,0.141510009765625,0.011565609835088253
-0.00012513212277553976,net.blocks.25.cross_attn.output_proj.weight,0.412109375,0.013577979058027267
0.4337919056415558,net.blocks.25.cross_attn.q_norm.weight,1.1090087890625,0.8404070734977722
0.0002584596804808825,net.blocks.25.cross_attn.q_proj.weight,0.097412109375,0.012769831344485283
0.0001776173012331128,net.blocks.25.cross_attn.v_proj.weight,0.13720703125,0.01786559447646141
0.0008787440019659698,net.blocks.25.mlp.layer1.weight,0.33477783203125,0.012434113770723343
-0.00043170322896912694,net.blocks.25.mlp.layer2.weight,0.677490234375,0.013305582106113434
0.9448673725128174,net.blocks.25.self_attn.k_norm.weight,3.2734375,0.2705535888671875
0.0008228056831285357,net.blocks.25.self_attn.k_proj.weight,0.25579833984375,0.011896563693881035
-0.0004070372669957578,net.blocks.25.self_attn.output_proj.weight,0.1754150390625,0.013230880722403526
0.9413955211639404,net.blocks.25.self_attn.q_norm.weight,3.2421875,0.2735443115234375
0.0008983644074760377,net.blocks.25.self_attn.q_proj.weight,0.248931884765625,0.012252381071448326
5.7866694987751544e-05,net.blocks.25.self_attn.v_proj.weight,0.185302734375,0.013698557391762733
-0.07207155227661133,net.blocks.26.adaln_modulation_cross_attn.1.weight,0.427734375,0.0958581268787384
-0.021868174895644188,net.blocks.26.adaln_modulation_cross_attn.2.weight,0.71142578125,0.03261997923254967
0.011559744365513325,net.blocks.26.adaln_modulation_mlp.1.weight,0.4990234375,0.056693993508815765
0.015907276421785355,net.blocks.26.adaln_modulation_mlp.2.weight,0.7900390625,0.04602720960974693
0.00912840012460947,net.blocks.26.adaln_modulation_self_attn.1.weight,0.525390625,0.03460823372006416
0.006285391747951508,net.blocks.26.adaln_modulation_self_attn.2.weight,0.5408935546875,0.019360383972525597
0.31515857577323914,net.blocks.26.cross_attn.k_norm.weight,1.13525390625,0.8131939768791199
-0.00024503900203853846,net.blocks.26.cross_attn.k_proj.weight,0.12872314453125,0.010861743241548538
2.0714796846732497e-05,net.blocks.26.cross_attn.output_proj.weight,0.297821044921875,0.013485184870660305
0.3102729320526123,net.blocks.26.cross_attn.q_norm.weight,1.1572265625,0.813671350479126
0.00028349977219477296,net.blocks.26.cross_attn.q_proj.weight,0.0963134765625,0.012642495334148407
-6.296231003943831e-05,net.blocks.26.cross_attn.v_proj.weight,0.1811370849609375,0.018437977880239487
0.0012325900606811047,net.blocks.26.mlp.layer1.weight,0.16375732421875,0.012120873667299747
-0.0003729741438291967,net.blocks.26.mlp.layer2.weight,0.505157470703125,0.013874359428882599
0.963943362236023,net.blocks.26.self_attn.k_norm.weight,1.509765625,0.17937731742858887
-0.0005328760016709566,net.blocks.26.self_attn.k_proj.weight,0.2528533935546875,0.01196947693824768
-0.0006548587116412818,net.blocks.26.self_attn.output_proj.weight,0.217529296875,0.013144240714609623
0.9650870561599731,net.blocks.26.self_attn.q_norm.weight,1.4482421875,0.17254403233528137
-1.2414675438776612e-05,net.blocks.26.self_attn.q_proj.weight,0.23358154296875,0.01222153939306736
-0.0007892545545473695,net.blocks.26.self_attn.v_proj.weight,0.15838623046875,0.013546950183808804
-0.09164304286241531,net.blocks.27.adaln_modulation_cross_attn.1.weight,0.453125,0.0894947350025177
-0.00014489603927358985,net.blocks.27.adaln_modulation_cross_attn.2.weight,0.4869575500488281,0.010542280972003937
-0.020523803308606148,net.blocks.27.adaln_modulation_mlp.1.weight,0.46484375,0.039256878197193146
-0.000651105772703886,net.blocks.27.adaln_modulation_mlp.2.weight,0.5976644158363342,0.02268686145544052
0.016313830390572548,net.blocks.27.adaln_modulation_self_attn.1.weight,0.3486328125,0.039126619696617126
0.00011531521158758551,net.blocks.27.adaln_modulation_self_attn.2.weight,0.7304652333259583,0.024988478049635887
0.2466621994972229,net.blocks.27.cross_attn.k_norm.weight,1.1287841796875,0.8180961012840271
0.0008436627686023712,net.blocks.27.cross_attn.k_proj.weight,0.120849609375,0.01198410801589489
-0.000860406260471791,net.blocks.27.cross_attn.output_proj.weight,0.17185115814208984,0.006515237968415022
0.2445734441280365,net.blocks.27.cross_attn.q_norm.weight,1.12884521484375,0.8175356388092041
0.0006802076241001487,net.blocks.27.cross_attn.q_proj.weight,0.104248046875,0.012456076219677925
1.3514814781956375e-05,net.blocks.27.cross_attn.v_proj.weight,0.1492919921875,0.015715762972831726
0.0007564864936284721,net.blocks.27.mlp.layer1.weight,0.19085693359375,0.012715388089418411
-0.0003408529737498611,net.blocks.27.mlp.layer2.weight,0.897430419921875,0.008482768200337887
0.7860677242279053,net.blocks.27.self_attn.k_norm.weight,1.2464599609375,0.5704426765441895
0.0010182630503550172,net.blocks.27.self_attn.k_proj.weight,0.24072265625,0.01136672031134367
0.00011473721679067239,net.blocks.27.self_attn.output_proj.weight,0.22197723388671875,0.010208378545939922
0.7879771590232849,net.blocks.27.self_attn.q_norm.weight,1.19873046875,0.5716638565063477
0.0003007022605743259,net.blocks.27.self_attn.q_proj.weight,0.23974609375,0.01165053341537714
0.0005981021095067263,net.blocks.27.self_attn.v_proj.weight,0.1765289306640625,0.013443411327898502
-0.027162151411175728,net.blocks.3.adaln_modulation_cross_attn.1.weight,0.2783203125,0.02471514791250229
2.69021256826818e-06,net.blocks.3.adaln_modulation_cross_attn.2.weight,0.19532734155654907,0.007481189910322428
0.028121598064899445,net.blocks.3.adaln_modulation_mlp.1.weight,0.29052734375,0.03479505702853203
-0.0003422348527237773,net.blocks.3.adaln_modulation_mlp.2.weight,0.3105471134185791,0.018422188237309456
-0.019813891500234604,net.blocks.3.adaln_modulation_self_attn.1.weight,0.1201171875,0.023444723337888718
-0.0001956543419510126,net.blocks.3.adaln_modulation_self_attn.2.weight,0.20214851200580597,0.01605728454887867
0.2852744460105896,net.blocks.3.cross_attn.k_norm.weight,0.6526336669921875,0.18890048563480377
0.0007879235781729221,net.blocks.3.cross_attn.k_proj.weight,0.09423828125,0.014469746500253677
-0.00048444996355101466,net.blocks.3.cross_attn.output_proj.weight,0.11848068237304688,0.008363773114979267
0.2851107120513916,net.blocks.3.cross_attn.q_norm.weight,0.6526031494140625,0.1889612227678299
0.0009950374951586127,net.blocks.3.cross_attn.q_proj.weight,0.203033447265625,0.005941848270595074
0.000995330628938973,net.blocks.3.cross_attn.v_proj.weight,0.09619140625,0.016560764983296394
-0.0003267410211265087,net.blocks.3.mlp.layer1.weight,0.2470703125,0.009934947825968266
-0.00022121552319731563,net.blocks.3.mlp.layer2.weight,0.3788790702819824,0.009669451974332333
0.6596806049346924,net.blocks.3.self_attn.k_norm.weight,0.95843505859375,0.17930170893669128
0.0019665637519210577,net.blocks.3.self_attn.k_proj.weight,0.247314453125,0.006147411651909351
-0.00028115694294683635,net.blocks.3.self_attn.output_proj.weight,0.11999320983886719,0.008531572297215462
0.6632691621780396,net.blocks.3.self_attn.q_norm.weight,0.958282470703125,0.17412127554416656
0.0010946630500257015,net.blocks.3.self_attn.q_proj.weight,0.2022705078125,0.006129272282123566
0.0004001166089437902,net.blocks.3.self_attn.v_proj.weight,0.132080078125,0.007626662030816078
0.0099504254758358,net.blocks.4.adaln_modulation_cross_attn.1.weight,0.30078125,0.024494042620062828
-0.0011855252087116241,net.blocks.4.adaln_modulation_cross_attn.2.weight,0.375,0.011569893918931484
-0.029053976759314537,net.blocks.4.adaln_modulation_mlp.1.weight,0.205078125,0.02486860752105713
-0.005426610354334116,net.blocks.4.adaln_modulation_mlp.2.weight,0.443359375,0.02166726626455784
0.030324451625347137,net.blocks.4.adaln_modulation_self_attn.1.weight,0.125,0.02101058140397072
0.007431420031934977,net.blocks.4.adaln_modulation_self_attn.2.weight,0.31103515625,0.023554647341370583
0.36522775888442993,net.blocks.4.cross_attn.k_norm.weight,0.717529296875,0.25290900468826294
0.0007030622800812125,net.blocks.4.cross_attn.k_proj.weight,0.1011962890625,0.009561680257320404
-0.0005614280235022306,net.blocks.4.cross_attn.output_proj.weight,0.18408203125,0.011441615410149097
0.3652306795120239,net.blocks.4.cross_attn.q_norm.weight,0.7017822265625,0.2529395818710327
0.0007120129885151982,net.blocks.4.cross_attn.q_proj.weight,0.1483154296875,0.006339326500892639
-0.0012818608665838838,net.blocks.4.cross_attn.v_proj.weight,0.1005859375,0.013847419060766697
0.0012911376543343067,net.blocks.4.mlp.layer1.weight,0.284423828125,0.01115497387945652
-4.12076769862324e-05,net.blocks.4.mlp.layer2.weight,0.43008995056152344,0.011419668793678284
0.5997222065925598,net.blocks.4.self_attn.k_norm.weight,0.958984375,0.34078091382980347
0.0007026700186543167,net.blocks.4.self_attn.k_proj.weight,0.229644775390625,0.0077894218266010284
0.00023888066061772406,net.blocks.4.self_attn.output_proj.weight,0.1357421875,0.011371555738151073
0.5780135989189148,net.blocks.4.self_attn.q_norm.weight,1.037109375,0.34272634983062744
0.0006407633190974593,net.blocks.4.self_attn.q_proj.weight,0.218048095703125,0.007437908090651035
0.0009162490023300052,net.blocks.4.self_attn.v_proj.weight,0.16968154907226562,0.009669441729784012
0.040287427604198456,net.blocks.5.adaln_modulation_cross_attn.1.weight,0.2607421875,0.029583336785435677
0.01902957074344158,net.blocks.5.adaln_modulation_cross_attn.2.weight,0.4501953125,0.013086102902889252
-0.0015029179630801082,net.blocks.5.adaln_modulation_mlp.1.weight,0.3583984375,0.02597985416650772
0.00616927444934845,net.blocks.5.adaln_modulation_mlp.2.weight,0.4560546875,0.023678816854953766
-0.04726026579737663,net.blocks.5.adaln_modulation_self_attn.1.weight,0.1474609375,0.022534657269716263
-0.03703484684228897,net.blocks.5.adaln_modulation_self_attn.2.weight,0.29296875,0.02384445071220398
0.3358094394207001,net.blocks.5.cross_attn.k_norm.weight,0.70849609375,0.2873431444168091
-0.0006968383677303791,net.blocks.5.cross_attn.k_proj.weight,0.088104248046875,0.00954603310674429
0.0005268855020403862,net.blocks.5.cross_attn.output_proj.weight,0.27703857421875,0.011945627629756927
0.3356165289878845,net.blocks.5.cross_attn.q_norm.weight,0.7081298828125,0.28736352920532227
0.0002968537446577102,net.blocks.5.cross_attn.q_proj.weight,0.16497802734375,0.007334959227591753
-0.0014291873667389154,net.blocks.5.cross_attn.v_proj.weight,0.100341796875,0.013811123557388783
0.0023519962560385466,net.blocks.5.mlp.layer1.weight,0.2635498046875,0.013150625862181187
3.366016971995123e-05,net.blocks.5.mlp.layer2.weight,0.3857421875,0.013302571140229702
0.47976207733154297,net.blocks.5.self_attn.k_norm.weight,1.074798583984375,0.564602255821228
0.0008839090005494654,net.blocks.5.self_attn.k_proj.weight,0.2332763671875,0.009284025989472866
-0.0005098527763038874,net.blocks.5.self_attn.output_proj.weight,0.154876708984375,0.012365292757749557
0.46883586049079895,net.blocks.5.self_attn.q_norm.weight,1.0744781494140625,0.5708369612693787
-0.0007972815656103194,net.blocks.5.self_attn.q_proj.weight,0.1923828125,0.009108321741223335
0.0008261114126071334,net.blocks.5.self_attn.v_proj.weight,0.142578125,0.010902006179094315
0.030661294236779213,net.blocks.6.adaln_modulation_cross_attn.1.weight,0.2451171875,0.03051690198481083
-0.003896118141710758,net.blocks.6.adaln_modulation_cross_attn.2.weight,0.23636293411254883,0.00995385367423296
-0.010472125373780727,net.blocks.6.adaln_modulation_mlp.1.weight,0.287109375,0.025992538779973984
-0.0026630908250808716,net.blocks.6.adaln_modulation_mlp.2.weight,0.3650970458984375,0.01743043214082718
0.027471112087368965,net.blocks.6.adaln_modulation_self_attn.1.weight,0.13427734375,0.021264439448714256
-0.0024239339400082827,net.blocks.6.adaln_modulation_self_attn.2.weight,0.2607421875,0.01789930835366249
0.4520871937274933,net.blocks.6.cross_attn.k_norm.weight,0.731689453125,0.24637341499328613
-0.0009096944704651833,net.blocks.6.cross_attn.k_proj.weight,0.0943603515625,0.014339118264615536
-0.0003229849971830845,net.blocks.6.cross_attn.output_proj.weight,0.1563720703125,0.011575892567634583
0.4520918130874634,net.blocks.6.cross_attn.q_norm.weight,0.7236328125,0.24607300758361816
-0.0004994909977540374,net.blocks.6.cross_attn.q_proj.weight,0.1580810546875,0.007699021138250828
-3.425643080845475e-05,net.blocks.6.cross_attn.v_proj.weight,0.099365234375,0.019046615809202194
0.002131544752046466,net.blocks.6.mlp.layer1.weight,0.2433929443359375,0.014026948250830173
0.00039975671097636223,net.blocks.6.mlp.layer2.weight,0.28328418731689453,0.01071411557495594
0.573979377746582,net.blocks.6.self_attn.k_norm.weight,1.103515625,0.37493133544921875
-0.0010019585024565458,net.blocks.6.self_attn.k_proj.weight,0.2958984375,0.009431539103388786
5.291750858305022e-05,net.blocks.6.self_attn.output_proj.weight,0.11731719970703125,0.010879701003432274
0.5579981803894043,net.blocks.6.self_attn.q_norm.weight,1.12109375,0.38330498337745667
-8.681543840793893e-05,net.blocks.6.self_attn.q_proj.weight,0.2177734375,0.008791320025920868
0.00040975003503262997,net.blocks.6.self_attn.v_proj.weight,0.13671875,0.011730508878827095
-0.06319275498390198,net.blocks.7.adaln_modulation_cross_attn.1.weight,0.26171875,0.03853713721036911
-0.0003751987242139876,net.blocks.7.adaln_modulation_cross_attn.2.weight,0.20113921165466309,0.01275715697556734
-0.09303532540798187,net.blocks.7.adaln_modulation_mlp.1.weight,0.3046875,0.026314303278923035
1.9134407921228558e-05,net.blocks.7.adaln_modulation_mlp.2.weight,0.26171889901161194,0.015856212005019188
0.004618226550519466,net.blocks.7.adaln_modulation_self_attn.1.weight,0.12744140625,0.02235543727874756
-9.934393165167421e-05,net.blocks.7.adaln_modulation_self_attn.2.weight,0.1894533932209015,0.016545290127396584
0.5318227410316467,net.blocks.7.cross_attn.k_norm.weight,0.74169921875,0.30562305450439453
0.00055431027431041,net.blocks.7.cross_attn.k_proj.weight,0.109619140625,0.014655521139502525
-3.335019573569298e-05,net.blocks.7.cross_attn.output_proj.weight,0.13357162475585938,0.009563567116856575
0.5317068099975586,net.blocks.7.cross_attn.q_norm.weight,0.74169921875,0.3055896759033203
-0.0013042637147009373,net.blocks.7.cross_attn.q_proj.weight,0.162628173828125,0.008067523129284382
-0.0007595898932777345,net.blocks.7.cross_attn.v_proj.weight,0.0980224609375,0.019110333174467087
0.0015669616404920816,net.blocks.7.mlp.layer1.weight,0.2550048828125,0.014163777232170105
0.0005076731322333217,net.blocks.7.mlp.layer2.weight,0.2825927734375,0.010370885021984577
0.6615315079689026,net.blocks.7.self_attn.k_norm.weight,1.004364013671875,0.3456515669822693
0.00019877329759765416,net.blocks.7.self_attn.k_proj.weight,0.2734375,0.009511185809969902
-0.0004338213475421071,net.blocks.7.self_attn.output_proj.weight,0.1570730209350586,0.009410837665200233
0.6382557153701782,net.blocks.7.self_attn.q_norm.weight,1.140625,0.35509902238845825
0.00015131826512515545,net.blocks.7.self_attn.q_proj.weight,0.22509765625,0.00876812357455492
-0.00025233085034415126,net.blocks.7.self_attn.v_proj.weight,0.1334228515625,0.011788993142545223
-0.005050122272223234,net.blocks.8.adaln_modulation_cross_attn.1.weight,0.283203125,0.045580681413412094
-0.008988032117486,net.blocks.8.adaln_modulation_cross_attn.2.weight,0.3876953125,0.01853904500603676
-0.024688228964805603,net.blocks.8.adaln_modulation_mlp.1.weight,0.2646484375,0.023882657289505005
-0.05807890743017197,net.blocks.8.adaln_modulation_mlp.2.weight,0.4326171875,0.023079538717865944
-0.000845758244395256,net.blocks.8.adaln_modulation_self_attn.1.weight,0.18359375,0.021803785115480423
0.0134500190615654,net.blocks.8.adaln_modulation_self_attn.2.weight,0.43994140625,0.024655146524310112
0.576756477355957,net.blocks.8.cross_attn.k_norm.weight,0.8057861328125,0.372005820274353
0.0015525214839726686,net.blocks.8.cross_attn.k_proj.weight,0.1365814208984375,0.01048680767416954
0.0012179614277556539,net.blocks.8.cross_attn.output_proj.weight,0.17822265625,0.012459751218557358
0.5768343210220337,net.blocks.8.cross_attn.q_norm.weight,0.8060302734375,0.3721892833709717
0.00041688024066388607,net.blocks.8.cross_attn.q_proj.weight,0.11669921875,0.008922726847231388
0.0013686639722436666,net.blocks.8.cross_attn.v_proj.weight,0.12255859375,0.0141520444303751
0.0021451760549098253,net.blocks.8.mlp.layer1.weight,0.22918701171875,0.013734743930399418
0.00023552929633297026,net.blocks.8.mlp.layer2.weight,0.33251380920410156,0.013670463114976883
0.7113297581672668,net.blocks.8.self_attn.k_norm.weight,1.05584716796875,0.567737340927124
-0.000607366964686662,net.blocks.8.self_attn.k_proj.weight,0.24277877807617188,0.011032392270863056
-0.0002140556462109089,net.blocks.8.self_attn.output_proj.weight,0.1353759765625,0.013019219040870667
0.6866616606712341,net.blocks.8.self_attn.q_norm.weight,1.185546875,0.5965157747268677
2.673956987564452e-05,net.blocks.8.self_attn.q_proj.weight,0.209320068359375,0.010960336774587631
0.00015520615852437913,net.blocks.8.self_attn.v_proj.weight,0.1617431640625,0.01263436209410429
0.10236658900976181,net.blocks.9.adaln_modulation_cross_attn.1.weight,0.3046875,0.052083224058151245
0.05734548345208168,net.blocks.9.adaln_modulation_cross_attn.2.weight,0.5263671875,0.0188330989331007
0.032909095287323,net.blocks.9.adaln_modulation_mlp.1.weight,0.28515625,0.0223979614675045
0.0011851349845528603,net.blocks.9.adaln_modulation_mlp.2.weight,0.4716796875,0.02031569369137287
0.04049058258533478,net.blocks.9.adaln_modulation_self_attn.1.weight,0.1669921875,0.01738882251083851
0.04826001450419426,net.blocks.9.adaln_modulation_self_attn.2.weight,0.46875,0.020285382866859436
0.605465292930603,net.blocks.9.cross_attn.k_norm.weight,0.89208984375,0.40903007984161377
-0.00045624797348864377,net.blocks.9.cross_attn.k_proj.weight,0.12860107421875,0.010912148281931877
-0.00020924756245221943,net.blocks.9.cross_attn.output_proj.weight,0.29052734375,0.01295531541109085
0.6052923202514648,net.blocks.9.cross_attn.q_norm.weight,0.8994140625,0.4091620445251465
-0.0007423400529660285,net.blocks.9.cross_attn.q_proj.weight,0.14093780517578125,0.009477293118834496
-0.00014993356307968497,net.blocks.9.cross_attn.v_proj.weight,0.09765625,0.014389501884579659
0.0024459827691316605,net.blocks.9.mlp.layer1.weight,0.200042724609375,0.013760280795395374
-0.0002414235204923898,net.blocks.9.mlp.layer2.weight,0.3983154296875,0.013579905033111572
0.8213487863540649,net.blocks.9.self_attn.k_norm.weight,0.980712890625,0.34990692138671875
-0.0002599055878818035,net.blocks.9.self_attn.k_proj.weight,0.26123046875,0.011196417734026909
0.0006250367732718587,net.blocks.9.self_attn.output_proj.weight,0.2480316162109375,0.013064183294773102
0.8203796148300171,net.blocks.9.self_attn.q_norm.weight,0.976806640625,0.35224151611328125
-0.0005373966414481401,net.blocks.9.self_attn.q_proj.weight,0.17919921875,0.010988114401698112
0.0005910066538490355,net.blocks.9.self_attn.v_proj.weight,0.144287109375,0.01302343886345625
0.9999837875366211,net.final_layer.adaln_modulation.1.weight,0.0,0.0
0.9999531507492065,net.final_layer.adaln_modulation.2.weight,0.0,0.0
1.0000102519989014,net.final_layer.linear.weight,0.0,0.0
1.0000001192092896,net.llm_adapter.blocks.0.cross_attn.k_norm.weight,0.0,0.0
0.9983925819396973,net.llm_adapter.blocks.0.cross_attn.k_proj.weight,0.007965087890625,0.0003492502146400511
0.9990220069885254,net.llm_adapter.blocks.0.cross_attn.o_proj.weight,0.007843017578125,0.00025518902111798525
0.9999999403953552,net.llm_adapter.blocks.0.cross_attn.q_norm.weight,0.0,0.0
0.9982038736343384,net.llm_adapter.blocks.0.cross_attn.q_proj.weight,0.008026123046875,0.000370083493180573
0.9989437460899353,net.llm_adapter.blocks.0.cross_attn.v_proj.weight,0.0078277587890625,0.0002774830209091306
0.999998927116394,net.llm_adapter.blocks.0.mlp.0.bias,0.0048828125,9.56980511546135e-06
0.9997471570968628,net.llm_adapter.blocks.0.mlp.0.weight,0.00799560546875,0.00015774506027810276
0.9998171329498291,net.llm_adapter.blocks.0.mlp.2.bias,0.002841949462890625,0.000124901911476627
0.9995982646942139,net.llm_adapter.blocks.0.mlp.2.weight,0.007965087890625,0.00017803160881157964
1.0,net.llm_adapter.blocks.0.norm_cross_attn.weight,0.0,0.0
1.0000001192092896,net.llm_adapter.blocks.0.norm_mlp.weight,0.0,0.0
1.0000001192092896,net.llm_adapter.blocks.0.norm_self_attn.weight,0.0,0.0
1.0,net.llm_adapter.blocks.0.self_attn.k_norm.weight,0.0,0.0
0.9986162781715393,net.llm_adapter.blocks.0.self_attn.k_proj.weight,0.00823974609375,0.000309865950839594
0.9995921850204468,net.llm_adapter.blocks.0.self_attn.o_proj.weight,0.00787353515625,0.0001952426682692021
1.0,net.llm_adapter.blocks.0.self_attn.q_norm.weight,0.0,0.0
0.9982073903083801,net.llm_adapter.blocks.0.self_attn.q_proj.weight,0.00787353515625,0.0003596596361603588
0.9995987415313721,net.llm_adapter.blocks.0.self_attn.v_proj.weight,0.0077972412109375,0.0001921153161674738
1.0000001192092896,net.llm_adapter.blocks.1.cross_attn.k_norm.weight,0.0,0.0
0.9982912540435791,net.llm_adapter.blocks.1.cross_attn.k_proj.weight,0.008026123046875,0.0003659562789835036
0.9987829327583313,net.llm_adapter.blocks.1.cross_attn.o_proj.weight,0.0079193115234375,0.0002799812355078757
1.0,net.llm_adapter.blocks.1.cross_attn.q_norm.weight,0.0,0.0
0.9980716705322266,net.llm_adapter.blocks.1.cross_attn.q_proj.weight,0.007904052734375,0.000381457299226895
0.9987407922744751,net.llm_adapter.blocks.1.cross_attn.v_proj.weight,0.00799560546875,0.00030279316706582904
0.9999927878379822,net.llm_adapter.blocks.1.mlp.0.bias,0.00470733642578125,2.8515030862763524e-05
0.999597430229187,net.llm_adapter.blocks.1.mlp.0.weight,0.0080413818359375,0.0001833632995840162
0.999883770942688,net.llm_adapter.blocks.1.mlp.2.bias,0.0031890869140625,9.811778727453202e-05
0.9994719624519348,net.llm_adapter.blocks.1.mlp.2.weight,0.0079345703125,0.00020849266729783267
1.0,net.llm_adapter.blocks.1.norm_cross_attn.weight,0.0,0.0
0.9999998807907104,net.llm_adapter.blocks.1.norm_mlp.weight,0.0,0.0
1.0,net.llm_adapter.blocks.1.norm_self_attn.weight,0.0,0.0
1.0,net.llm_adapter.blocks.1.self_attn.k_norm.weight,0.0,0.0
0.9987009763717651,net.llm_adapter.blocks.1.self_attn.k_proj.weight,0.007904052734375,0.00031022014445625246
0.9995045065879822,net.llm_adapter.blocks.1.self_attn.o_proj.weight,0.008026123046875,0.0002151245134882629
1.0000001192092896,net.llm_adapter.blocks.1.self_attn.q_norm.weight,0.0,0.0
0.9983385801315308,net.llm_adapter.blocks.1.self_attn.q_proj.weight,0.007904052734375,0.0003520773316267878
0.9996100664138794,net.llm_adapter.blocks.1.self_attn.v_proj.weight,0.0078887939453125,0.000190596460015513
1.0000001192092896,net.llm_adapter.blocks.2.cross_attn.k_norm.weight,0.0,0.0
0.9982271790504456,net.llm_adapter.blocks.2.cross_attn.k_proj.weight,0.0079803466796875,0.0003740812244359404
0.9985770583152771,net.llm_adapter.blocks.2.cross_attn.o_proj.weight,0.0077972412109375,0.0002984748571179807
1.0000001192092896,net.llm_adapter.blocks.2.cross_attn.q_norm.weight,0.0,0.0
0.9978473782539368,net.llm_adapter.blocks.2.cross_attn.q_proj.weight,0.007965087890625,0.00040273164631798863
0.9986511468887329,net.llm_adapter.blocks.2.cross_attn.v_proj.weight,0.007904052734375,0.0003137662133667618
0.9999853372573853,net.llm_adapter.blocks.2.mlp.0.bias,0.0059051513671875,4.58505965070799e-05
0.9995126724243164,net.llm_adapter.blocks.2.mlp.0.weight,0.008026123046875,0.0001993454498006031
0.9999355673789978,net.llm_adapter.blocks.2.mlp.2.bias,0.0027923583984375,7.03553669154644e-05
0.9993982911109924,net.llm_adapter.blocks.2.mlp.2.weight,0.00799560546875,0.00022232547053135931
1.0,net.llm_adapter.blocks.2.norm_cross_attn.weight,0.0,0.0
1.0,net.llm_adapter.blocks.2.norm_mlp.weight,0.0,0.0
0.9999998211860657,net.llm_adapter.blocks.2.norm_self_attn.weight,0.0,0.0
1.0000001192092896,net.llm_adapter.blocks.2.self_attn.k_norm.weight,0.0,0.0
0.9985406398773193,net.llm_adapter.blocks.2.self_attn.k_proj.weight,0.00787353515625,0.00033201026963070035
0.9995250701904297,net.llm_adapter.blocks.2.self_attn.o_proj.weight,0.0078582763671875,0.00021223531803116202
1.0,net.llm_adapter.blocks.2.self_attn.q_norm.weight,0.0,0.0
0.9982131123542786,net.llm_adapter.blocks.2.self_attn.q_proj.weight,0.007965087890625,0.00036399398231878877
0.9995978474617004,net.llm_adapter.blocks.2.self_attn.v_proj.weight,0.0079193115234375,0.00019376518321223557
1.000000238418579,net.llm_adapter.blocks.3.cross_attn.k_norm.weight,0.0,0.0
0.9982797503471375,net.llm_adapter.blocks.3.cross_attn.k_proj.weight,0.008209228515625,0.00037249032175168395
0.9986854791641235,net.llm_adapter.blocks.3.cross_attn.o_proj.weight,0.00799560546875,0.00028248774469830096
1.0,net.llm_adapter.blocks.3.cross_attn.q_norm.weight,0.0,0.0
0.9979683756828308,net.llm_adapter.blocks.3.cross_attn.q_proj.weight,0.0079345703125,0.00040045761852525175
0.9986139535903931,net.llm_adapter.blocks.3.cross_attn.v_proj.weight,0.00787353515625,0.0003189282724633813
0.9999646544456482,net.llm_adapter.blocks.3.mlp.0.bias,0.0059814453125,7.361944881267846e-05
0.9994761347770691,net.llm_adapter.blocks.3.mlp.0.weight,0.0079345703125,0.00020909708109684289
0.9999372363090515,net.llm_adapter.blocks.3.mlp.2.bias,0.0026655197143554688,7.59749673306942e-05
0.9994280934333801,net.llm_adapter.blocks.3.mlp.2.weight,0.0079193115234375,0.00021853706857655197
0.9999999403953552,net.llm_adapter.blocks.3.norm_cross_attn.weight,0.0,0.0
1.0,net.llm_adapter.blocks.3.norm_mlp.weight,0.0,0.0
1.0000001192092896,net.llm_adapter.blocks.3.norm_self_attn.weight,0.0,0.0
0.9999999403953552,net.llm_adapter.blocks.3.self_attn.k_norm.weight,0.0,0.0
0.9984365701675415,net.llm_adapter.blocks.3.self_attn.k_proj.weight,0.007904052734375,0.0003441349253989756
0.9995875358581543,net.llm_adapter.blocks.3.self_attn.o_proj.weight,0.0079345703125,0.00020193660748191178
1.0000001192092896,net.llm_adapter.blocks.3.self_attn.q_norm.weight,0.0,0.0
0.998220682144165,net.llm_adapter.blocks.3.self_attn.q_proj.weight,0.0079345703125,0.00036276711034588516
0.999651312828064,net.llm_adapter.blocks.3.self_attn.v_proj.weight,0.008087158203125,0.00018735254707280546
1.0,net.llm_adapter.blocks.4.cross_attn.k_norm.weight,0.0,0.0
0.9982526898384094,net.llm_adapter.blocks.4.cross_attn.k_proj.weight,0.0079498291015625,0.00037545867962762713
0.998847246170044,net.llm_adapter.blocks.4.cross_attn.o_proj.weight,0.007904052734375,0.0002696273731999099
1.0000001192092896,net.llm_adapter.blocks.4.cross_attn.q_norm.weight,0.0,0.0
0.9980672597885132,net.llm_adapter.blocks.4.cross_attn.q_proj.weight,0.00799560546875,0.0003969715326093137
0.9987531304359436,net.llm_adapter.blocks.4.cross_attn.v_proj.weight,0.00775146484375,0.00030602296465076506
0.9999657273292542,net.llm_adapter.blocks.4.mlp.0.bias,0.0047607421875,7.695362728554755e-05
0.9994344711303711,net.llm_adapter.blocks.4.mlp.0.weight,0.008087158203125,0.00021925527835264802
0.9999644756317139,net.llm_adapter.blocks.4.mlp.2.bias,0.00213623046875,5.5588316172361374e-05
0.9995739459991455,net.llm_adapter.blocks.4.mlp.2.weight,0.007965087890625,0.00018398395332042128
1.0000001192092896,net.llm_adapter.blocks.4.norm_cross_attn.weight,0.0,0.0
1.0,net.llm_adapter.blocks.4.norm_mlp.weight,0.0,0.0
0.9999999403953552,net.llm_adapter.blocks.4.norm_self_attn.weight,0.0,0.0
1.0,net.llm_adapter.blocks.4.self_attn.k_norm.weight,0.0,0.0
0.9983025789260864,net.llm_adapter.blocks.4.self_attn.k_proj.weight,0.007965087890625,0.0003536292351782322
0.9997061491012573,net.llm_adapter.blocks.4.self_attn.o_proj.weight,0.0077972412109375,0.00017573597142472863
1.0000001192092896,net.llm_adapter.blocks.4.self_attn.q_norm.weight,0.0,0.0
0.9980543851852417,net.llm_adapter.blocks.4.self_attn.q_proj.weight,0.00799560546875,0.00037463486660271883
0.9997234344482422,net.llm_adapter.blocks.4.self_attn.v_proj.weight,0.00787353515625,0.00016809249063953757
1.0,net.llm_adapter.blocks.5.cross_attn.k_norm.weight,0.0,0.0
0.9984345436096191,net.llm_adapter.blocks.5.cross_attn.k_proj.weight,0.008026123046875,0.0003589399566408247
0.9992097616195679,net.llm_adapter.blocks.5.cross_attn.o_proj.weight,0.007904052734375,0.00023014229373075068
1.0,net.llm_adapter.blocks.5.cross_attn.q_norm.weight,0.0,0.0
0.9984319806098938,net.llm_adapter.blocks.5.cross_attn.q_proj.weight,0.00799560546875,0.00037686724681407213
0.9989184141159058,net.llm_adapter.blocks.5.cross_attn.v_proj.weight,0.007843017578125,0.0002867022412829101
0.9999648332595825,net.llm_adapter.blocks.5.mlp.0.bias,0.003993988037109375,7.655804074602202e-05
0.999426543712616,net.llm_adapter.blocks.5.mlp.0.weight,0.0079345703125,0.0002231722028227523
0.9999585151672363,net.llm_adapter.blocks.5.mlp.2.bias,0.0035028457641601562,6.012944504618645e-05
0.9998120069503784,net.llm_adapter.blocks.5.mlp.2.weight,0.007965087890625,0.00013811519602313638
0.9999999403953552,net.llm_adapter.blocks.5.norm_cross_attn.weight,0.0,0.0
0.9999999403953552,net.llm_adapter.blocks.5.norm_mlp.weight,0.0,0.0
1.0000001192092896,net.llm_adapter.blocks.5.norm_self_attn.weight,0.0,0.0
1.0,net.llm_adapter.blocks.5.self_attn.k_norm.weight,0.0,0.0
0.998159646987915,net.llm_adapter.blocks.5.self_attn.k_proj.weight,0.00799560546875,0.00037221741513349116
0.9997976422309875,net.llm_adapter.blocks.5.self_attn.o_proj.weight,0.0078125,0.00014494672359433025
0.9999999403953552,net.llm_adapter.blocks.5.self_attn.q_norm.weight,0.0,0.0
0.9979139566421509,net.llm_adapter.blocks.5.self_attn.q_proj.weight,0.00787353515625,0.0003987105446867645
0.9997969269752502,net.llm_adapter.blocks.5.self_attn.v_proj.weight,0.007781982421875,0.00014211490633897483
1.0035351514816284,net.llm_adapter.embed.weight,0.006500244140625,9.997970096264908e-08
0.9999998807907104,net.llm_adapter.norm.weight,0.002349853515625,3.5651028156280518e-06
0.9999762773513794,net.llm_adapter.out_proj.bias,0.00388336181640625,5.672022234648466e-05
0.9992570281028748,net.llm_adapter.out_proj.weight,0.008056640625,0.00023215811233967543
1.0002756118774414,net.t_embedder.1.linear_1.weight,0.0,0.0
1.0016188621520996,net.t_embedder.1.linear_2.weight,0.0,0.0
1.000000238418579,net.t_embedding_norm.weight,0.0,0.0
0.9999959468841553,net.x_embedder.proj.1.weight,0.0,0.0
